project_id,project_name,project_type,country,state,district,land_area,land_type,land_price_per_acre,number_of_owners,affected_families,approval_timeline_days,documentation_completeness,stakeholder_responsiveness,historical_performance_score,lifecycle_stage,compensation_status,compensation_percentage,legal_disputes,land_possession_status,land_possession_percentage,rehabilitation_status,rehabilitation_percentage,risk_score,delay_probability,risk_category,latitude,longitude
LAP-0001,National Metro Rail Project 001,Metro Rail,India,Karnataka,Belagavi,407.28,Commercial,11354596.02,696,555,287,54.72,62.35,52.21,Possession,In Progress,54.04,4,Partially Possessed,61.7,In Progress,47.09,77.85,0.8912,High,15.89567,74.39572
LAP-0002,Coastal Solar Park Project 002,Solar Park,India,Gujarat,Ahmedabad,240.91,Residential,5600966.58,441,442,77,90.06,83.7,98.92,Rehabilitation,In Progress,80.09,0,Partially Possessed,93.05,In Progress,90.51,17.24,0.0649,Low,23.320187,72.4387
LAP-0003,National Metro Rail Project 003,Metro Rail,India,Maharashtra,Nagpur,197.06,Barren,1135715.22,323,356,297,68.85,47.51,63.78,Possession,In Progress,54.5,4,Partially Possessed,68.35,In Progress,77.22,69.94,0.8787,High,21.088359,79.045841
LAP-0004,Deccan Transmission Line Project 004,Transmission Line,India,Madhya Pradesh,Dhar,111.26,Barren,721541.42,200,118,258,65.93,52.57,53.17,Compensation,In Progress,47.69,6,Partially Possessed,36.02,Not Started,19.64,85.7,0.9225,High,22.587932,75.169441
LAP-0005,Frontier Logistics Park Project 005,Logistics Park,India,Karnataka,Belagavi,671.44,Industrial,6009971.91,1123,1267,176,80.51,71.6,60.99,Rehabilitation,In Progress,71.95,3,Partially Possessed,84.62,In Progress,81.46,46.23,0.384,Medium,15.783298,74.603907
LAP-0006,Frontier Transmission Line Project 006,Transmission Line,India,Madhya Pradesh,Dhar,362.93,Agricultural,1142695.11,599,346,131,83.06,77.06,85.56,Rehabilitation,In Progress,86.71,3,Partially Possessed,89.78,In Progress,66.33,37.71,0.178,Medium,22.759724,75.074722
LAP-0007,Samriddhi National Highway Project 007,National Highway,India,Madhya Pradesh,Indore,159.0,Agricultural,1058745.48,275,353,245,67.56,49.7,39.67,Possession,In Progress,58.63,7,Partially Possessed,47.05,In Progress,45.8,81.62,0.9372,High,22.712216,76.019086
LAP-0008,Frontier Transmission Line Project 008,Transmission Line,India,Telangana,Nalgonda,100.04,Agricultural,1760108.58,178,100,327,48.57,68.22,67.96,Notification,Not Started,30.98,4,Not Possessed,23.15,Not Started,15.38,85.86,0.9014,High,16.945174,79.380273
LAP-0009,River Airport Expansion Project 009,Airport Expansion,India,Odisha,Sundargarh,272.56,Agricultural,1180328.65,498,615,222,73.74,71.1,91.86,Possession,In Progress,66.87,2,Partially Possessed,59.54,In Progress,83.19,50.16,0.4614,Medium,22.077825,84.16072
LAP-0010,Samriddhi Metro Rail Project 010,Metro Rail,India,Tamil Nadu,Coimbatore,78.92,Agricultural,1797722.27,132,76,297,81.12,56.78,56.98,Compensation,In Progress,54.45,2,Partially Possessed,46.35,In Progress,45.8,69.99,0.8543,High,11.043787,76.897153
LAP-0011,River Transmission Line Project 011,Transmission Line,India,Gujarat,Surat,163.62,Agricultural,2096173.48,265,165,207,69.23,60.57,83.16,Possession,Not Started,30.09,2,Partially Possessed,82.92,In Progress,45.31,59.88,0.5863,Medium,21.087487,72.780366
LAP-0012,Regional National Highway Project 012,National Highway,India,Rajasthan,Jaipur,428.07,Agricultural,1052517.88,754,942,198,85.03,83.72,91.88,Rehabilitation,In Progress,94.23,2,Partially Possessed,76.42,In Progress,64.67,34.32,0.1144,Medium,27.01449,75.852962
LAP-0013,Samriddhi Railway Corridor Project 013,Railway Corridor,India,Bihar,Gaya,286.6,Residential,4088429.89,470,532,207,100.0,72.06,77.7,Rehabilitation,In Progress,74.22,0,Partially Possessed,84.56,In Progress,88.95,30.52,0.1411,Medium,24.733131,85.019952
LAP-0014,Deccan Railway Corridor Project 014,Railway Corridor,India,Rajasthan,Kota,230.83,Agricultural,1210861.09,367,369,340,50.71,36.66,60.28,Compensation,Not Started,16.97,10,Not Possessed,33.04,In Progress,59.67,100.0,0.9724,High,25.186684,75.837557
LAP-0015,Coastal National Highway Project 015,National Highway,India,Odisha,Khordha,75.84,Agricultural,1287375.19,133,147,192,95.67,63.42,100.0,Rehabilitation,In Progress,79.22,1,Partially Possessed,85.41,Completed,99.84,26.94,0.1113,Low,20.292629,85.733946
LAP-0016,Samriddhi Railway Corridor Project 016,Railway Corridor,India,Odisha,Khordha,209.12,Agricultural,1084683.27,338,234,178,73.51,61.67,65.42,Possession,In Progress,37.5,4,Partially Possessed,59.8,In Progress,78.2,67.03,0.7712,High,20.482918,85.816038
LAP-0017,Frontier Railway Corridor Project 017,Railway Corridor,India,Telangana,Nalgonda,289.51,Commercial,9777655.47,502,276,0,83.69,94.08,79.68,Rehabilitation,Completed,100.0,1,Partially Possessed,84.69,Completed,100.0,22.05,0.0408,Low,17.217705,79.196304
LAP-0018,River Logistics Park Project 018,Logistics Park,India,Madhya Pradesh,Bhopal,192.77,Agricultural,1246448.68,352,313,181,93.6,82.48,77.64,Rehabilitation,Completed,97.68,0,Partially Possessed,79.9,Completed,96.27,21.3,0.052,Low,23.448223,77.296733
LAP-0019,Regional Railway Corridor Project 019,Railway Corridor,India,Madhya Pradesh,Indore,48.06,Industrial,3078381.25,81,64,175,98.43,100.0,82.75,Rehabilitation,Completed,100.0,1,Possessed,96.1,In Progress,82.8,22.96,0.0729,Low,22.878904,75.498775
LAP-0020,Deccan Airport Expansion Project 020,Airport Expansion,India,Tamil Nadu,Chengalpattu,151.35,Agricultural,1691471.93,264,218,350,63.59,46.33,44.99,Compensation,In Progress,44.65,6,Partially Possessed,40.13,Not Started,31.23,93.19,0.9602,High,12.607508,80.118445
LAP-0021,River Logistics Park Project 021,Logistics Park,India,Madhya Pradesh,Indore,119.18,Agricultural,1053949.19,192,160,293,93.2,67.46,86.76,Possession,In Progress,52.88,5,Partially Possessed,76.19,In Progress,56.75,63.59,0.7707,High,22.686422,75.986561
LAP-0022,National Industrial Corridor Project 022,Industrial Corridor,India,Maharashtra,Pune,204.71,Residential,8176295.09,356,279,54,84.78,77.57,76.84,Rehabilitation,Completed,100.0,0,Partially Possessed,79.02,In Progress,83.9,28.29,0.1463,Low,18.587736,73.68772
LAP-0023,Bharat Metro Rail Project 023,Metro Rail,India,Rajasthan,Jaipur,249.43,Agricultural,1433153.64,418,409,268,54.21,38.93,51.78,Compensation,Not Started,30.23,8,Not Possessed,26.52,In Progress,41.06,100.0,0.9272,High,26.945752,75.748578
LAP-0024,Samriddhi Metro Rail Project 024,Metro Rail,India,Maharashtra,Pune,131.83,Industrial,4805449.68,240,154,197,72.83,67.52,78.76,Possession,In Progress,60.89,5,Partially Possessed,80.36,In Progress,68.92,67.17,0.7949,High,18.711718,73.845162
LAP-0025,Greenfield Logistics Park Project 025,Logistics Park,India,Bihar,Patna,251.33,Barren,580438.76,444,336,228,85.4,76.78,77.76,Possession,In Progress,58.04,4,Partially Possessed,80.08,In Progress,64.44,56.29,0.5578,Medium,25.827701,85.188758
LAP-0026,Coastal Industrial Corridor Project 026,Industrial Corridor,India,Tamil Nadu,Coimbatore,249.77,Barren,1027253.76,398,431,296,75.04,73.15,87.53,Possession,In Progress,47.72,8,Partially Possessed,70.79,In Progress,57.04,83.75,0.9602,High,10.931089,76.990943
LAP-0027,National Logistics Park Project 027,Logistics Park,India,Odisha,Kalahandi,89.46,Agricultural,1072698.94,145,168,284,77.06,66.97,81.64,Possession,In Progress,69.2,4,Partially Possessed,53.77,In Progress,62.22,59.36,0.677,Medium,19.766425,83.094684
LAP-0028,Samriddhi Airport Expansion Project 028,Airport Expansion,India,Maharashtra,Nashik,106.94,Agricultural,2579313.58,175,161,116,89.85,94.13,100.0,Completed,In Progress,93.03,1,Possessed,100.0,Completed,100.0,23.7,0.1012,Low,19.916852,73.781767
LAP-0029,Samriddhi Railway Corridor Project 029,Railway Corridor,India,Maharashtra,Nagpur,167.47,Agricultural,2773155.45,274,274,234,79.03,67.15,82.71,Possession,In Progress,67.39,7,Partially Possessed,71.36,In Progress,48.79,71.4,0.8663,High,21.126227,79.238814
LAP-0030,National Metro Rail Project 030,Metro Rail,India,Karnataka,Bengaluru Urban,213.37,Agricultural,2371734.68,380,270,208,64.83,68.37,64.16,Compensation,In Progress,40.58,4,Partially Possessed,51.74,In Progress,56.11,78.27,0.9119,High,12.802784,77.637843
LAP-0031,Deccan Solar Park Project 031,Solar Park,India,Karnataka,Mysuru,174.91,Agricultural,1804545.31,303,217,227,63.86,59.07,78.35,Possession,In Progress,65.46,7,Partially Possessed,52.76,In Progress,36.54,72.77,0.8218,High,12.262551,76.480421
LAP-0032,Samriddhi Railway Corridor Project 032,Railway Corridor,India,Maharashtra,Nagpur,215.28,Commercial,10680199.85,355,271,355,38.98,47.32,63.67,Compensation,Not Started,17.28,9,Partially Possessed,50.73,In Progress,46.27,100.0,0.9723,High,21.205878,79.327931
LAP-0033,Eastern Metro Rail Project 033,Metro Rail,India,Bihar,Patna,206.38,Commercial,5453275.81,325,197,300,91.6,67.15,89.01,Possession,In Progress,66.64,3,Partially Possessed,60.16,In Progress,51.21,62.41,0.677,High,25.599267,85.301213
LAP-0034,Frontier Transmission Line Project 034,Transmission Line,India,Odisha,Khordha,131.33,Agricultural,1123508.92,213,246,361,49.42,51.17,45.72,Compensation,Not Started,30.97,5,Partially Possessed,41.74,In Progress,38.72,86.0,0.98,High,20.053646,85.833693
LAP-0035,River Airport Expansion Project 035,Airport Expansion,India,Karnataka,Mysuru,147.91,Agricultural,1939066.84,264,277,192,88.04,62.24,82.25,Rehabilitation,In Progress,87.33,1,Partially Possessed,58.7,In Progress,82.83,40.11,0.2389,Medium,12.50906,76.77196
LAP-0036,Bharat National Highway Project 036,National Highway,India,Rajasthan,Udaipur,186.08,Agricultural,1020535.77,355,202,204,88.47,59.81,91.56,Rehabilitation,In Progress,71.14,3,Partially Possessed,79.63,In Progress,87.3,42.13,0.2979,Medium,24.864762,73.853169
LAP-0037,Greenfield Logistics Park Project 037,Logistics Park,India,Uttar Pradesh,Gautam Buddha Nagar,298.42,Industrial,3325835.68,506,622,285,81.57,74.26,84.4,Possession,In Progress,76.07,2,Partially Possessed,78.66,In Progress,51.63,46.61,0.3688,Medium,28.434234,77.215905
LAP-0038,Bharat Industrial Corridor Project 038,Industrial Corridor,India,Madhya Pradesh,Dhar,81.43,Barren,661340.35,116,78,145,82.19,98.34,92.03,Rehabilitation,In Progress,72.8,1,Partially Possessed,75.8,Completed,95.96,36.55,0.1985,Medium,22.861128,75.290188
LAP-0039,Bharat Irrigation Canal Project 039,Irrigation Canal,India,Odisha,Kalahandi,95.5,Industrial,3042357.31,184,208,215,93.38,81.65,75.0,Rehabilitation,In Progress,76.06,8,Partially Possessed,82.21,In Progress,70.13,59.46,0.6892,Medium,19.806549,83.094887
LAP-0040,Samriddhi Transmission Line Project 040,Transmission Line,India,Madhya Pradesh,Bhopal,71.94,Industrial,2452291.32,139,179,233,76.3,46.05,71.45,Possession,In Progress,67.78,5,Partially Possessed,60.48,In Progress,60.53,62.17,0.6964,High,23.283074,77.4436
LAP-0041,Bharat Industrial Corridor Project 041,Industrial Corridor,India,Gujarat,Ahmedabad,792.48,Commercial,8411030.53,1300,1260,147,100.0,79.95,67.65,Rehabilitation,In Progress,88.48,3,Partially Possessed,85.03,In Progress,73.8,43.94,0.3708,Medium,22.932538,72.390581
LAP-0042,Frontier National Highway Project 042,National Highway,India,Bihar,Gaya,85.45,Agricultural,983155.67,167,221,322,82.45,62.31,75.94,Possession,In Progress,71.52,1,Partially Possessed,82.51,In Progress,68.67,40.39,0.2571,Medium,24.485289,85.058186
LAP-0043,Bharat Irrigation Canal Project 043,Irrigation Canal,India,Maharashtra,Nashik,258.85,Commercial,9588603.37,457,488,373,40.65,30.02,56.59,Compensation,In Progress,37.05,12,Not Possessed,22.4,Not Started,34.7,100.0,0.98,High,20.256792,73.868233
LAP-0044,River Irrigation Canal Project 044,Irrigation Canal,India,Madhya Pradesh,Bhopal,118.58,Barren,734645.18,209,184,406,58.85,56.89,48.94,Notification,Not Started,26.47,10,Not Possessed,18.8,Not Started,27.59,100.0,0.98,High,23.187852,77.441909
LAP-0045,Frontier Airport Expansion Project 045,Airport Expansion,India,Uttar Pradesh,Prayagraj,100.24,Residential,5020066.28,179,126,133,93.74,83.93,85.11,Rehabilitation,In Progress,86.07,2,Partially Possessed,86.69,In Progress,77.78,37.65,0.2416,Medium,25.396025,81.639575
LAP-0046,Greenfield Metro Rail Project 046,Metro Rail,India,Tamil Nadu,Tiruchirappalli,73.42,Residential,6200615.35,112,125,189,83.23,75.44,90.38,Rehabilitation,In Progress,74.84,1,Partially Possessed,67.69,In Progress,84.0,43.95,0.3417,Medium,10.599239,78.552373
LAP-0047,Bharat Airport Expansion Project 047,Airport Expansion,India,Odisha,Kalahandi,335.52,Commercial,5467631.09,615,579,319,71.19,73.93,61.0,Possession,In Progress,63.01,6,Partially Possessed,52.66,In Progress,45.87,78.11,0.9342,High,19.700314,82.927718
LAP-0048,Frontier Irrigation Canal Project 048,Irrigation Canal,India,Rajasthan,Jaipur,514.95,Residential,4787043.76,910,1167,223,88.09,74.81,73.19,Possession,In Progress,66.44,6,Partially Possessed,63.72,In Progress,55.83,61.66,0.6863,High,26.614852,75.943592
LAP-0049,Regional Irrigation Canal Project 049,Irrigation Canal,India,Gujarat,Ahmedabad,412.15,Agricultural,2144437.38,686,382,273,76.42,63.03,75.82,Possession,In Progress,61.03,11,Partially Possessed,69.09,In Progress,59.47,83.41,0.9446,High,23.069395,72.539045
LAP-0050,River Irrigation Canal Project 050,Irrigation Canal,India,Tamil Nadu,Coimbatore,132.97,Barren,1165939.09,234,172,214,71.39,47.64,81.38,Possession,In Progress,57.1,7,Partially Possessed,53.62,In Progress,63.87,71.78,0.8147,High,11.128928,76.847915
LAP-0051,Eastern National Highway Project 051,National Highway,India,Rajasthan,Kota,459.91,Commercial,4805088.51,796,785,228,54.63,64.36,46.95,Possession,In Progress,49.92,9,Partially Possessed,47.68,In Progress,65.72,87.31,0.9641,High,25.295925,75.757556
LAP-0052,National Logistics Park Project 052,Logistics Park,India,Maharashtra,Nashik,168.14,Commercial,11666063.14,288,163,100,89.32,98.24,92.62,Rehabilitation,In Progress,90.05,0,Partially Possessed,73.43,Completed,100.0,20.89,0.1095,Low,19.95067,73.733257
LAP-0053,Greenfield Railway Corridor Project 053,Railway Corridor,India,Madhya Pradesh,Bhopal,135.42,Residential,4074123.04,227,280,201,70.83,60.75,58.81,Possession,In Progress,83.36,3,Partially Possessed,67.6,In Progress,52.43,54.34,0.5736,Medium,23.373843,77.155094
LAP-0054,Deccan Metro Rail Project 054,Metro Rail,India,Uttar Pradesh,Lucknow,982.17,Barren,736054.18,1634,1204,227,86.76,75.93,90.74,Rehabilitation,In Progress,70.57,1,Partially Possessed,82.25,In Progress,74.99,44.67,0.291,Medium,26.665656,81.111279
LAP-0055,Regional Irrigation Canal Project 055,Irrigation Canal,India,Rajasthan,Kota,422.82,Agricultural,1157675.53,706,815,253,63.24,71.95,75.6,Possession,In Progress,69.85,2,Partially Possessed,58.79,In Progress,58.43,48.78,0.4128,Medium,24.96112,76.027418
LAP-0056,Eastern Irrigation Canal Project 056,Irrigation Canal,India,Karnataka,Mysuru,100.36,Agricultural,2557333.94,180,100,161,92.96,78.33,63.87,Possession,In Progress,58.56,5,Partially Possessed,58.86,In Progress,66.82,58.13,0.6587,Medium,12.251168,76.664422
LAP-0057,Deccan Solar Park Project 057,Solar Park,India,Gujarat,Ahmedabad,431.46,Agricultural,1867745.61,708,732,212,64.86,88.35,70.15,Compensation,In Progress,61.25,8,Partially Possessed,54.22,Not Started,28.6,76.88,0.8748,High,23.152225,72.54336
LAP-0058,Eastern Logistics Park Project 058,Logistics Park,India,Madhya Pradesh,Dhar,118.56,Agricultural,1090661.1,200,226,190,80.34,73.71,71.33,Rehabilitation,In Progress,87.17,2,Partially Possessed,90.97,In Progress,78.52,36.61,0.2004,Medium,22.513811,75.459409
LAP-0059,Frontier Transmission Line Project 059,Transmission Line,India,Odisha,Khordha,128.48,Residential,3542486.68,224,183,191,83.32,95.27,93.41,Rehabilitation,In Progress,87.23,3,Partially Possessed,90.3,In Progress,83.38,32.54,0.1697,Medium,20.182008,86.072467
LAP-0060,Bharat Railway Corridor Project 060,Railway Corridor,India,Bihar,Muzaffarpur,304.94,Agricultural,1135190.47,506,510,212,96.41,73.25,72.32,Rehabilitation,In Progress,73.25,4,Partially Possessed,68.1,In Progress,84.68,50.06,0.4041,Medium,26.237538,85.513379
LAP-0061,Eastern Metro Rail Project 061,Metro Rail,India,Bihar,Patna,641.5,Industrial,2670737.11,1115,695,215,89.78,72.81,59.53,Possession,In Progress,68.81,4,Partially Possessed,63.57,In Progress,69.59,62.76,0.7415,High,25.546384,85.188607
LAP-0062,Eastern Transmission Line Project 062,Transmission Line,India,Telangana,Warangal,481.44,Barren,1034670.94,889,1142,79,73.29,79.02,100.0,Rehabilitation,In Progress,73.44,2,Partially Possessed,86.67,In Progress,72.49,36.41,0.2111,Medium,17.875684,79.668142
LAP-0063,Eastern Transmission Line Project 063,Transmission Line,India,Rajasthan,Kota,206.38,Agricultural,1488746.7,378,209,219,89.84,59.95,91.36,Compensation,In Progress,59.69,9,Partially Possessed,52.41,Not Started,32.06,81.94,0.9028,High,25.247102,75.911208
LAP-0064,River Solar Park Project 064,Solar Park,India,Maharashtra,Nashik,73.68,Agricultural,2829883.98,116,138,123,83.38,82.87,74.47,Rehabilitation,In Progress,92.64,3,Partially Possessed,71.48,In Progress,83.48,32.67,0.1042,Medium,20.110331,73.598564
LAP-0065,Samriddhi National Highway Project 065,National Highway,India,Karnataka,Mysuru,65.68,Residential,5966273.97,119,121,137,73.84,81.66,79.43,Possession,In Progress,75.74,2,Partially Possessed,51.35,In Progress,58.4,46.63,0.35,Medium,12.247718,76.630339
LAP-0066,Bharat Irrigation Canal Project 066,Irrigation Canal,India,Maharashtra,Pune,58.86,Industrial,5731933.35,110,135,262,87.23,76.46,86.15,Possession,In Progress,61.71,2,Partially Possessed,69.62,In Progress,81.1,41.49,0.2925,Medium,18.39826,73.649416
LAP-0067,National Transmission Line Project 067,Transmission Line,India,Bihar,Patna,87.22,Agricultural,1092547.51,146,142,260,77.76,75.59,66.04,Possession,In Progress,61.6,7,Partially Possessed,36.99,In Progress,55.6,73.97,0.9315,High,25.553979,85.27612
LAP-0068,National Transmission Line Project 068,Transmission Line,India,Rajasthan,Kota,527.24,Industrial,3346927.56,871,593,112,91.01,90.25,95.13,Completed,Completed,99.81,1,Possessed,99.21,Completed,100.0,15.35,0.0543,Low,25.173834,75.7163
LAP-0069,Bharat Railway Corridor Project 069,Railway Corridor,India,Madhya Pradesh,Dhar,216.51,Industrial,3044954.72,348,292,128,90.52,77.24,80.74,Possession,In Progress,72.95,2,Partially Possessed,57.94,In Progress,48.82,49.66,0.4167,Medium,22.557352,75.020376
LAP-0070,River Airport Expansion Project 070,Airport Expansion,India,Odisha,Kalahandi,539.54,Barren,482901.02,918,618,157,77.78,75.23,92.56,Rehabilitation,In Progress,85.95,2,Partially Possessed,80.22,In Progress,83.16,39.82,0.2656,Medium,20.14441,83.206176
LAP-0071,Regional Metro Rail Project 071,Metro Rail,India,Tamil Nadu,Coimbatore,197.63,Commercial,9207827.2,316,199,115,97.32,92.36,85.05,Rehabilitation,In Progress,88.94,1,Partially Possessed,87.65,In Progress,84.12,33.32,0.1494,Medium,11.000388,77.106876
LAP-0072,National Airport Expansion Project 072,Airport Expansion,India,Tamil Nadu,Chengalpattu,272.5,Agricultural,1764579.8,415,481,167,83.12,80.79,99.93,Rehabilitation,In Progress,90.51,1,Possessed,100.0,In Progress,88.38,29.12,0.1407,Low,12.657382,79.872592
LAP-0073,Bharat Airport Expansion Project 073,Airport Expansion,India,Telangana,Warangal,62.36,Agricultural,1920214.45,109,61,206,91.24,84.23,90.62,Possession,In Progress,61.43,3,Partially Possessed,66.07,In Progress,73.79,53.23,0.5395,Medium,18.044801,79.415916
LAP-0074,Frontier National Highway Project 074,National Highway,India,Uttar Pradesh,Gautam Buddha Nagar,315.67,Agricultural,1845351.53,539,677,243,79.43,56.49,64.42,Compensation,In Progress,52.34,7,Partially Possessed,49.72,In Progress,44.29,79.48,0.9203,High,28.440788,77.432131
LAP-0075,Samriddhi National Highway Project 075,National Highway,India,Rajasthan,Udaipur,129.91,Industrial,2767754.59,209,278,281,65.2,66.86,73.43,Compensation,Not Started,27.34,6,Partially Possessed,53.25,In Progress,39.86,83.78,0.9303,High,24.556362,73.46788
LAP-0076,Deccan Transmission Line Project 076,Transmission Line,India,Karnataka,Mysuru,845.47,Barren,1200535.56,1406,1303,223,90.77,85.35,62.5,Possession,In Progress,50.13,3,Partially Possessed,52.29,In Progress,72.9,54.23,0.526,Medium,12.525838,76.770297
LAP-0077,Samriddhi Irrigation Canal Project 077,Irrigation Canal,India,Madhya Pradesh,Bhopal,229.23,Agricultural,1357466.73,397,399,248,80.16,78.06,78.17,Possession,In Progress,63.44,3,Partially Possessed,73.57,In Progress,80.55,45.41,0.3876,Medium,23.177809,77.666002
LAP-0078,Frontier Logistics Park Project 078,Logistics Park,India,Tamil Nadu,Chengalpattu,330.59,Barren,1286151.97,571,696,24,90.11,87.48,100.0,Rehabilitation,Completed,95.78,3,Partially Possessed,79.13,In Progress,82.41,32.59,0.1581,Medium,12.670478,80.065778
LAP-0079,Eastern Airport Expansion Project 079,Airport Expansion,India,Uttar Pradesh,Lucknow,125.58,Agricultural,1707071.33,207,269,396,46.87,44.84,29.88,Notification,Not Started,13.08,9,Not Possessed,28.04,Not Started,27.52,100.0,0.9525,High,26.786582,80.887335
LAP-0080,Samriddhi Logistics Park Project 080,Logistics Park,India,Karnataka,Bengaluru Urban,102.66,Agricultural,2497419.88,183,125,174,82.78,100.0,78.72,Possession,In Progress,60.64,1,Partially Possessed,61.19,In Progress,67.88,43.87,0.2854,Medium,12.921599,77.586273
LAP-0081,Greenfield Industrial Corridor Project 081,Industrial Corridor,India,Tamil Nadu,Tiruchirappalli,184.55,Agricultural,2323087.42,339,382,431,54.58,58.76,68.23,Compensation,In Progress,43.1,8,Partially Possessed,50.95,In Progress,46.35,96.58,0.98,High,10.647784,78.746867
LAP-0082,Frontier Logistics Park Project 082,Logistics Park,India,Karnataka,Belagavi,152.29,Industrial,4263405.54,283,299,154,94.0,100.0,100.0,Rehabilitation,Completed,96.51,2,Partially Possessed,83.28,In Progress,64.77,31.05,0.1367,Medium,15.979033,74.284014
LAP-0083,National Industrial Corridor Project 083,Industrial Corridor,India,Maharashtra,Nagpur,60.15,Residential,6748147.58,113,65,190,78.54,86.26,89.64,Possession,In Progress,82.69,2,Partially Possessed,70.46,In Progress,64.14,46.37,0.4004,Medium,21.079606,79.072346
LAP-0084,River National Highway Project 084,National Highway,India,Uttar Pradesh,Gautam Buddha Nagar,540.8,Agricultural,1757292.28,895,665,241,63.75,56.11,45.88,Possession,Not Started,31.61,7,Partially Possessed,57.47,In Progress,62.97,84.21,0.9566,High,28.454576,77.278411
LAP-0085,National Irrigation Canal Project 085,Irrigation Canal,India,Madhya Pradesh,Bhopal,135.16,Agricultural,1253655.87,218,147,186,66.01,80.8,100.0,Possession,In Progress,86.0,4,Partially Possessed,69.11,In Progress,64.86,45.04,0.3118,Medium,23.298709,77.467686
LAP-0086,Deccan Railway Corridor Project 086,Railway Corridor,India,Maharashtra,Nagpur,131.21,Residential,7998902.64,234,140,208,92.19,80.8,82.79,Rehabilitation,Completed,100.0,1,Partially Possessed,87.59,In Progress,86.21,26.33,0.1119,Low,21.22031,79.094418
LAP-0087,Deccan Transmission Line Project 087,Transmission Line,India,Telangana,Warangal,98.55,Commercial,8801166.03,167,142,111,89.07,89.29,95.22,Possession,In Progress,62.86,1,Partially Possessed,63.97,In Progress,58.87,39.82,0.2367,Medium,18.019663,79.695914
LAP-0088,Coastal National Highway Project 088,National Highway,India,Karnataka,Mysuru,409.07,Agricultural,2363819.15,697,482,242,88.46,83.47,100.0,Possession,In Progress,69.06,3,Partially Possessed,74.56,In Progress,65.57,45.22,0.3371,Medium,12.393535,76.60511
LAP-0089,Bharat Irrigation Canal Project 089,Irrigation Canal,India,Tamil Nadu,Tiruchirappalli,155.41,Agricultural,1886225.2,280,209,248,81.49,62.2,71.74,Possession,In Progress,66.92,3,Partially Possessed,44.6,In Progress,59.51,54.51,0.5552,Medium,10.879523,78.778747
LAP-0090,Bharat Airport Expansion Project 090,Airport Expansion,India,Gujarat,Kutch,95.49,Agricultural,2095647.37,151,119,371,70.69,61.66,41.49,Compensation,Not Started,27.16,6,Partially Possessed,36.42,Not Started,14.89,100.0,0.98,High,23.748291,69.810703
LAP-0091,Samriddhi Railway Corridor Project 091,Railway Corridor,India,Rajasthan,Jaipur,208.4,Agricultural,1346251.53,359,417,260,78.83,52.87,72.37,Possession,In Progress,67.31,5,Partially Possessed,67.26,In Progress,85.94,59.77,0.6703,Medium,26.974436,75.96063
LAP-0092,Greenfield Industrial Corridor Project 092,Industrial Corridor,India,Rajasthan,Udaipur,182.82,Agricultural,1119651.61,341,350,230,70.92,76.64,81.96,Possession,In Progress,42.06,9,Partially Possessed,44.72,In Progress,80.01,88.72,0.9277,High,24.756431,73.800886
LAP-0093,River Industrial Corridor Project 093,Industrial Corridor,India,Maharashtra,Nagpur,265.48,Agricultural,2311841.9,457,530,310,73.3,55.34,78.82,Possession,In Progress,65.64,4,Partially Possessed,71.02,In Progress,46.95,67.69,0.797,High,21.385088,79.42964
LAP-0094,Regional Solar Park Project 094,Solar Park,India,Maharashtra,Nagpur,28.13,Agricultural,2801409.93,56,48,293,77.88,72.82,98.67,Possession,In Progress,63.46,2,Partially Possessed,73.62,In Progress,62.88,42.49,0.2659,Medium,21.131722,78.932763
LAP-0095,Bharat Transmission Line Project 095,Transmission Line,India,Madhya Pradesh,Dhar,560.1,Industrial,2754439.28,954,1102,176,87.22,83.58,100.0,Rehabilitation,In Progress,81.69,1,Partially Possessed,82.17,In Progress,92.19,26.09,0.0796,Low,22.662806,75.193879
LAP-0096,Bharat Airport Expansion Project 096,Airport Expansion,India,Gujarat,Kutch,244.41,Agricultural,2206850.46,420,444,114,76.15,97.03,75.92,Possession,In Progress,63.64,4,Partially Possessed,81.88,In Progress,63.48,56.72,0.6789,Medium,23.470692,70.054298
LAP-0097,Deccan National Highway Project 097,National Highway,India,Uttar Pradesh,Gautam Buddha Nagar,548.46,Agricultural,1537195.1,968,1186,168,81.48,82.8,95.4,Possession,In Progress,83.31,2,Partially Possessed,67.77,In Progress,72.87,37.23,0.2014,Medium,28.570757,77.348512
LAP-0098,Samriddhi Airport Expansion Project 098,Airport Expansion,India,Karnataka,Mysuru,240.17,Industrial,4620801.1,414,432,238,76.59,71.68,73.49,Possession,In Progress,51.74,7,Partially Possessed,62.77,In Progress,62.34,78.44,0.9371,High,12.214492,76.675389
LAP-0099,Coastal Railway Corridor Project 099,Railway Corridor,India,Telangana,Warangal,43.96,Agricultural,1793292.79,67,59,209,80.49,73.14,81.32,Possession,In Progress,68.85,2,Partially Possessed,56.03,In Progress,73.14,48.79,0.4133,Medium,18.041311,79.813609
LAP-0100,Samriddhi Solar Park Project 100,Solar Park,India,Tamil Nadu,Coimbatore,114.23,Residential,6738222.35,204,196,129,77.68,70.51,74.54,Rehabilitation,In Progress,89.48,1,Partially Possessed,75.47,In Progress,69.34,29.9,0.1428,Low,11.022439,76.889087
LAP-0101,Frontier Irrigation Canal Project 101,Irrigation Canal,India,Rajasthan,Udaipur,217.54,Agricultural,1177858.27,344,397,204,83.67,67.62,100.0,Rehabilitation,In Progress,72.95,5,Partially Possessed,86.16,In Progress,82.19,46.32,0.3496,Medium,24.592896,73.689127
LAP-0102,Deccan National Highway Project 102,National Highway,India,Uttar Pradesh,Prayagraj,71.88,Agricultural,1395618.19,134,168,329,34.81,44.27,52.8,Compensation,In Progress,36.13,7,Not Possessed,25.75,Not Started,20.09,100.0,0.9333,High,25.4288,81.720711
LAP-0103,Frontier Logistics Park Project 103,Logistics Park,India,Madhya Pradesh,Indore,72.78,Agricultural,1309704.17,142,91,326,65.23,48.04,66.2,Possession,In Progress,69.42,2,Partially Possessed,74.56,In Progress,67.08,52.31,0.5298,Medium,22.811819,75.806721
LAP-0104,Deccan Metro Rail Project 104,Metro Rail,India,Tamil Nadu,Tiruchirappalli,218.89,Agricultural,2338937.51,387,478,237,69.29,62.58,55.56,Possession,In Progress,47.16,3,Partially Possessed,54.28,In Progress,53.84,73.55,0.8907,High,10.701293,78.800688
LAP-0105,Frontier Metro Rail Project 105,Metro Rail,India,Karnataka,Belagavi,123.1,Industrial,4866923.62,185,222,234,70.42,63.04,70.09,Possession,In Progress,59.07,1,Partially Possessed,67.34,In Progress,59.4,58.01,0.6608,Medium,15.752879,74.415905
LAP-0106,Coastal Metro Rail Project 106,Metro Rail,India,Uttar Pradesh,Lucknow,94.53,Agricultural,1722759.27,169,198,195,82.26,67.63,76.83,Possession,In Progress,61.17,3,Partially Possessed,73.33,In Progress,60.93,61.14,0.6961,High,26.775105,81.211217
LAP-0107,Greenfield Industrial Corridor Project 107,Industrial Corridor,India,Madhya Pradesh,Bhopal,94.34,Industrial,2753745.98,157,176,415,58.46,48.44,57.74,Compensation,Not Started,32.27,4,Partially Possessed,36.83,In Progress,50.24,87.19,0.9485,High,23.354812,77.093214
LAP-0108,Eastern Irrigation Canal Project 108,Irrigation Canal,India,Telangana,Nalgonda,324.4,Industrial,3946426.68,581,351,267,62.52,64.97,91.14,Compensation,In Progress,50.96,3,Not Possessed,34.69,In Progress,63.13,60.57,0.6885,High,17.095913,79.136808
LAP-0109,Coastal Logistics Park Project 109,Logistics Park,India,Gujarat,Ahmedabad,1109.07,Residential,7304502.62,1950,2008,140,80.74,71.39,82.92,Rehabilitation,In Progress,86.63,1,Partially Possessed,66.9,In Progress,73.24,36.32,0.2152,Medium,22.919835,72.449652
LAP-0110,Bharat National Highway Project 110,National Highway,India,Gujarat,Surat,254.54,Residential,7088188.71,425,444,182,68.27,66.69,66.06,Possession,In Progress,69.9,2,Partially Possessed,69.42,In Progress,57.83,49.25,0.4222,Medium,21.077122,73.024222
LAP-0111,National Metro Rail Project 111,Metro Rail,India,Telangana,Nalgonda,80.9,Agricultural,1945126.69,155,174,175,75.31,61.9,79.74,Possession,In Progress,59.4,2,Partially Possessed,70.82,In Progress,43.09,62.49,0.7962,High,16.901402,79.110948
LAP-0112,Greenfield Logistics Park Project 112,Logistics Park,India,Bihar,Muzaffarpur,34.47,Commercial,4615615.77,61,37,321,69.93,66.35,79.76,Possession,In Progress,57.89,1,Partially Possessed,65.08,In Progress,80.19,47.6,0.487,Medium,26.194951,85.503648
LAP-0113,Bharat Transmission Line Project 113,Transmission Line,India,Telangana,Warangal,225.48,Agricultural,1607102.13,361,208,373,70.65,47.95,51.48,Compensation,Not Started,21.91,7,Partially Possessed,35.14,Not Started,33.78,95.86,0.98,High,17.691239,79.61109
LAP-0114,Bharat Irrigation Canal Project 114,Irrigation Canal,India,Karnataka,Mysuru,389.9,Agricultural,1776966.78,657,740,229,63.96,86.03,42.89,Possession,In Progress,45.6,3,Partially Possessed,52.92,In Progress,66.36,60.25,0.6761,High,12.263739,76.766472
LAP-0115,Samriddhi Metro Rail Project 115,Metro Rail,India,Karnataka,Bengaluru Urban,26.27,Residential,7643539.33,44,30,377,90.87,68.99,56.58,Possession,In Progress,58.77,1,Partially Possessed,46.6,In Progress,45.27,63.62,0.7332,High,12.820612,77.730749
LAP-0116,Coastal Industrial Corridor Project 116,Industrial Corridor,India,Maharashtra,Pune,1394.01,Agricultural,2122896.2,2353,2429,211,79.85,82.17,88.06,Rehabilitation,Completed,96.32,1,Partially Possessed,76.25,In Progress,71.58,36.75,0.1744,Medium,18.418872,73.734377
LAP-0117,Bharat Railway Corridor Project 117,Railway Corridor,India,Gujarat,Kutch,126.67,Industrial,4064653.36,178,216,326,69.42,56.84,86.55,Possession,In Progress,44.33,5,Partially Possessed,53.68,In Progress,52.38,75.28,0.8887,High,23.801424,69.895153
LAP-0118,Frontier Transmission Line Project 118,Transmission Line,India,Maharashtra,Nashik,251.83,Agricultural,1998967.14,456,589,396,56.92,42.85,58.04,Compensation,In Progress,47.87,8,Partially Possessed,42.01,In Progress,35.02,92.28,0.98,High,20.023752,73.732879
LAP-0119,Greenfield Railway Corridor Project 119,Railway Corridor,India,Bihar,Muzaffarpur,90.43,Agricultural,1158629.23,144,125,275,59.3,35.6,79.23,Compensation,Not Started,34.47,8,Not Possessed,25.66,Not Started,21.8,100.0,0.98,High,26.260796,85.427329
LAP-0120,Regional Transmission Line Project 120,Transmission Line,India,Rajasthan,Udaipur,261.42,Agricultural,1024873.64,452,299,257,59.85,53.64,83.17,Possession,In Progress,61.74,3,Partially Possessed,52.29,In Progress,43.99,61.18,0.7205,High,24.604673,73.77807
LAP-0121,River Transmission Line Project 121,Transmission Line,India,Tamil Nadu,Coimbatore,149.01,Barren,1124565.91,279,247,226,72.11,78.23,76.4,Possession,In Progress,47.85,5,Partially Possessed,56.3,In Progress,61.55,65.68,0.7755,High,10.938243,77.205688
LAP-0122,Frontier National Highway Project 122,National Highway,India,Karnataka,Belagavi,188.27,Residential,6682961.7,279,171,212,74.84,78.14,68.03,Rehabilitation,In Progress,87.56,3,Partially Possessed,77.16,In Progress,75.3,41.66,0.2778,Medium,15.651892,74.611057
LAP-0123,Deccan Logistics Park Project 123,Logistics Park,India,Gujarat,Surat,160.53,Agricultural,2074870.37,272,331,344,64.7,45.27,63.87,Compensation,Not Started,34.66,10,Partially Possessed,35.75,In Progress,46.44,100.0,0.98,High,21.051066,72.835597
LAP-0124,River Airport Expansion Project 124,Airport Expansion,India,Rajasthan,Jaipur,959.11,Industrial,3337146.87,1626,2079,328,52.27,61.42,37.8,Compensation,In Progress,38.12,11,Not Possessed,21.42,Not Started,17.67,100.0,0.9601,High,26.790665,75.765129
LAP-0125,Deccan Transmission Line Project 125,Transmission Line,India,Bihar,Patna,173.15,Industrial,2003972.67,309,372,186,78.08,61.76,74.18,Compensation,In Progress,47.34,5,Partially Possessed,47.5,In Progress,54.43,69.11,0.8388,High,25.493228,85.038236
LAP-0126,Eastern Metro Rail Project 126,Metro Rail,India,Telangana,Nalgonda,409.86,Agricultural,1992726.54,739,915,226,88.24,50.12,79.86,Possession,In Progress,75.63,4,Partially Possessed,64.93,In Progress,67.2,61.66,0.6961,High,17.181853,79.412606
LAP-0127,Frontier Airport Expansion Project 127,Airport Expansion,India,Gujarat,Surat,378.67,Residential,6051546.89,673,719,149,78.89,93.88,89.64,Rehabilitation,In Progress,81.54,5,Partially Possessed,77.23,In Progress,77.19,52.48,0.4803,Medium,21.293766,72.803794
LAP-0128,Greenfield Railway Corridor Project 128,Railway Corridor,India,Uttar Pradesh,Lucknow,831.35,Residential,4810415.13,1479,1418,149,86.13,92.62,79.13,Rehabilitation,In Progress,88.66,3,Partially Possessed,60.72,In Progress,80.89,41.68,0.2389,Medium,26.948609,80.771132
LAP-0129,National Transmission Line Project 129,Transmission Line,India,Rajasthan,Udaipur,339.74,Industrial,2513873.63,595,616,255,66.3,57.64,88.62,Possession,In Progress,81.61,1,Partially Possessed,56.07,In Progress,54.15,43.6,0.3329,Medium,24.580977,73.831886
LAP-0130,Bharat Irrigation Canal Project 130,Irrigation Canal,India,Rajasthan,Jaipur,207.03,Agricultural,1148150.84,329,397,230,54.86,81.64,83.29,Possession,In Progress,78.57,5,Partially Possessed,63.94,In Progress,64.46,54.85,0.5642,Medium,26.73617,75.868917
LAP-0131,Bharat Railway Corridor Project 131,Railway Corridor,India,Madhya Pradesh,Indore,229.57,Agricultural,1191353.03,401,250,164,82.57,91.28,85.93,Possession,In Progress,65.15,3,Partially Possessed,72.59,In Progress,80.07,47.22,0.3802,Medium,22.661149,75.834118
LAP-0132,Eastern Solar Park Project 132,Solar Park,India,Madhya Pradesh,Indore,108.93,Residential,3706798.92,186,184,382,61.88,55.56,48.76,Compensation,In Progress,37.49,4,Partially Possessed,41.95,In Progress,39.72,75.22,0.8774,High,22.960192,75.749096
LAP-0133,Samriddhi Logistics Park Project 133,Logistics Park,India,Tamil Nadu,Tiruchirappalli,173.78,Agricultural,1659003.92,307,254,124,100.0,81.94,95.45,Rehabilitation,In Progress,82.22,4,Possessed,95.17,In Progress,62.8,42.56,0.334,Medium,10.84793,78.726084
LAP-0134,Samriddhi Metro Rail Project 134,Metro Rail,India,Telangana,Rangareddy,731.19,Commercial,9085291.78,1261,1446,385,68.77,37.79,54.69,Compensation,In Progress,54.88,5,Partially Possessed,38.14,Not Started,15.7,92.34,0.9744,High,17.353828,78.616341
LAP-0135,Eastern National Highway Project 135,National Highway,India,Uttar Pradesh,Prayagraj,315.69,Agricultural,1360011.72,500,408,265,75.97,36.99,71.99,Possession,In Progress,59.94,4,Partially Possessed,56.84,In Progress,58.19,63.84,0.7019,High,25.431251,82.079846
LAP-0136,Regional Metro Rail Project 136,Metro Rail,India,Rajasthan,Kota,534.21,Agricultural,1117439.45,900,992,263,87.49,82.06,51.46,Possession,In Progress,64.83,3,Partially Possessed,83.19,In Progress,72.09,57.28,0.5713,Medium,25.074733,75.718809
LAP-0137,Greenfield Irrigation Canal Project 137,Irrigation Canal,India,Rajasthan,Kota,317.18,Industrial,3383369.64,537,601,278,61.78,66.08,62.77,Possession,In Progress,58.8,8,Partially Possessed,53.2,In Progress,55.37,78.28,0.9042,High,25.40311,75.8735
LAP-0138,Frontier Airport Expansion Project 138,Airport Expansion,India,Odisha,Sundargarh,1467.73,Barren,602292.19,2517,2565,248,58.34,47.74,60.28,Compensation,In Progress,50.63,9,Partially Possessed,36.65,In Progress,58.5,96.34,0.98,High,22.201067,84.238828
LAP-0139,Eastern Metro Rail Project 139,Metro Rail,India,Rajasthan,Udaipur,587.35,Residential,3597598.51,999,828,352,60.54,41.87,75.14,Compensation,Not Started,23.64,5,Not Possessed,30.85,In Progress,39.53,96.85,0.98,High,24.633357,73.488433
LAP-0140,Bharat Irrigation Canal Project 140,Irrigation Canal,India,Rajasthan,Jaipur,152.22,Agricultural,1269396.26,263,180,304,73.44,56.62,72.05,Possession,In Progress,39.91,5,Partially Possessed,67.31,In Progress,50.63,70.41,0.8526,High,26.962377,75.792937
LAP-0141,National Airport Expansion Project 141,Airport Expansion,India,Bihar,Muzaffarpur,536.52,Residential,3815924.88,948,841,237,68.59,52.85,39.94,Possession,In Progress,52.89,6,Partially Possessed,48.96,In Progress,49.19,84.12,0.9593,High,26.046533,85.299309
LAP-0142,Deccan Railway Corridor Project 142,Railway Corridor,India,Karnataka,Mysuru,495.91,Agricultural,2183315.12,847,545,253,51.2,79.74,57.43,Compensation,In Progress,48.21,3,Partially Possessed,35.18,In Progress,39.9,73.2,0.8559,High,12.589947,76.600879
LAP-0143,Coastal Solar Park Project 143,Solar Park,India,Gujarat,Ahmedabad,670.12,Industrial,3868231.53,1159,857,256,52.52,68.23,71.57,Possession,In Progress,55.07,2,Partially Possessed,50.25,In Progress,68.53,52.44,0.5068,Medium,22.820701,72.531556
LAP-0144,Bharat Railway Corridor Project 144,Railway Corridor,India,Rajasthan,Kota,295.62,Agricultural,1261611.08,497,381,388,53.72,47.15,76.26,Possession,In Progress,65.13,3,Partially Possessed,52.47,In Progress,55.54,65.07,0.7464,High,25.410539,75.654941
LAP-0145,River Solar Park Project 145,Solar Park,India,Madhya Pradesh,Dhar,95.99,Agricultural,1240377.43,148,95,314,75.16,50.93,74.95,Possession,In Progress,55.93,2,Partially Possessed,58.42,In Progress,50.06,53.84,0.4957,Medium,22.372624,75.286741
LAP-0146,Deccan Industrial Corridor Project 146,Industrial Corridor,India,Karnataka,Mysuru,89.19,Barren,1176801.79,162,125,208,54.55,62.08,62.75,Possession,In Progress,60.36,3,Partially Possessed,58.35,In Progress,71.54,64.42,0.7593,High,12.224616,76.792151
LAP-0147,Frontier Irrigation Canal Project 147,Irrigation Canal,India,Bihar,Patna,154.32,Residential,3722832.66,294,218,265,60.65,43.05,75.03,Compensation,In Progress,51.18,3,Partially Possessed,49.45,In Progress,40.52,66.03,0.7401,High,25.783206,85.245373
LAP-0148,River Logistics Park Project 148,Logistics Park,India,Gujarat,Kutch,396.88,Barren,888710.8,665,483,253,68.18,56.8,89.66,Possession,In Progress,61.42,4,Partially Possessed,58.72,In Progress,82.69,58.0,0.6052,Medium,23.870582,69.828922
LAP-0149,Deccan Transmission Line Project 149,Transmission Line,India,Madhya Pradesh,Dhar,52.7,Barren,592692.2,89,90,271,62.32,77.34,88.7,Compensation,In Progress,53.36,4,Partially Possessed,46.22,In Progress,43.86,65.72,0.7578,High,22.497029,75.366743
LAP-0150,Eastern Solar Park Project 150,Solar Park,India,Karnataka,Mysuru,545.38,Agricultural,2274278.14,922,1054,198,89.51,86.17,85.04,Possession,In Progress,75.74,4,Partially Possessed,67.15,In Progress,80.44,41.7,0.3182,Medium,12.297451,76.724631
LAP-0151,Coastal Solar Park Project 151,Solar Park,India,Odisha,Kalahandi,13.07,Agricultural,1256370.05,17,10,137,70.92,60.62,77.34,Possession,In Progress,81.15,1,Partially Possessed,56.92,In Progress,66.48,37.21,0.2056,Medium,19.831631,83.265
LAP-0152,Coastal Metro Rail Project 152,Metro Rail,India,Rajasthan,Udaipur,179.66,Industrial,2909088.26,282,240,212,81.83,100.0,73.98,Rehabilitation,In Progress,76.73,7,Partially Possessed,73.12,In Progress,89.24,63.86,0.7996,High,24.378801,73.704505
LAP-0153,Regional Metro Rail Project 153,Metro Rail,India,Bihar,Patna,131.48,Residential,3691306.89,233,298,298,69.05,54.36,65.0,Possession,In Progress,71.63,4,Partially Possessed,71.27,In Progress,60.69,66.78,0.7614,High,25.70402,85.141633
LAP-0154,Regional National Highway Project 154,National Highway,India,Uttar Pradesh,Lucknow,356.53,Commercial,8544937.72,579,517,281,61.08,84.93,64.18,Compensation,In Progress,41.98,3,Partially Possessed,59.18,In Progress,42.43,66.18,0.8084,High,26.652102,80.895792
LAP-0155,National Solar Park Project 155,Solar Park,India,Karnataka,Mysuru,176.95,Agricultural,2436258.57,341,258,105,94.74,83.87,86.39,Rehabilitation,In Progress,84.48,2,Partially Possessed,80.89,In Progress,74.27,29.18,0.129,Low,12.482104,76.613537
LAP-0156,Regional Solar Park Project 156,Solar Park,India,Rajasthan,Kota,145.95,Agricultural,1306745.85,228,171,316,66.59,79.95,63.89,Possession,In Progress,46.05,3,Partially Possessed,54.05,In Progress,52.71,59.99,0.6496,Medium,25.27938,75.790194
LAP-0157,Deccan Airport Expansion Project 157,Airport Expansion,India,Tamil Nadu,Tiruchirappalli,819.8,Barren,921955.04,1350,1442,223,58.14,61.18,82.63,Possession,In Progress,49.25,7,Partially Possessed,56.0,In Progress,54.13,83.86,0.8963,High,10.870064,78.702214
LAP-0158,National Irrigation Canal Project 158,Irrigation Canal,India,Karnataka,Bengaluru Urban,82.9,Agricultural,2556923.25,121,140,281,32.24,42.58,48.48,Compensation,Not Started,29.77,10,Not Possessed,32.6,In Progress,39.65,100.0,0.98,High,12.909017,77.486837
LAP-0159,National Industrial Corridor Project 159,Industrial Corridor,India,Gujarat,Kutch,410.9,Agricultural,1849701.09,696,578,191,85.4,59.91,100.0,Possession,In Progress,73.41,4,Partially Possessed,70.41,In Progress,76.54,55.2,0.5862,Medium,23.671844,69.863155
LAP-0160,National National Highway Project 160,National Highway,India,Uttar Pradesh,Prayagraj,169.11,Agricultural,1861467.86,274,366,160,88.51,85.61,87.38,Possession,In Progress,71.31,3,Partially Possessed,57.11,In Progress,84.68,43.52,0.34,Medium,25.339277,82.004032
LAP-0161,Regional Metro Rail Project 161,Metro Rail,India,Uttar Pradesh,Prayagraj,151.84,Barren,692460.85,274,324,231,91.97,84.42,79.11,Rehabilitation,Completed,96.01,2,Partially Possessed,83.08,In Progress,89.06,37.68,0.2216,Medium,25.461054,81.903693
LAP-0162,River Airport Expansion Project 162,Airport Expansion,India,Gujarat,Ahmedabad,573.65,Industrial,4909143.25,955,1274,140,82.31,76.43,81.72,Rehabilitation,In Progress,86.32,2,Partially Possessed,93.32,In Progress,78.61,38.7,0.2492,Medium,22.861239,72.534228
LAP-0163,Regional Logistics Park Project 163,Logistics Park,India,Maharashtra,Nagpur,470.58,Agricultural,2096363.2,804,945,140,78.19,61.41,63.86,Compensation,In Progress,53.27,1,Partially Possessed,50.47,In Progress,36.63,58.45,0.6165,Medium,21.165003,79.083995
LAP-0164,Greenfield Airport Expansion Project 164,Airport Expansion,India,Odisha,Sundargarh,192.89,Industrial,3093092.51,313,253,225,88.83,96.67,76.44,Possession,In Progress,65.31,2,Partially Possessed,58.99,In Progress,92.27,46.29,0.3614,Medium,22.085941,84.138894
LAP-0165,Deccan Logistics Park Project 165,Logistics Park,India,Tamil Nadu,Chengalpattu,147.32,Agricultural,1674903.62,248,309,40,97.7,77.8,73.62,Possession,In Progress,54.57,4,Partially Possessed,75.1,In Progress,64.0,55.16,0.5532,Medium,12.786148,79.888718
LAP-0166,Bharat Railway Corridor Project 166,Railway Corridor,India,Gujarat,Kutch,754.43,Agricultural,2073694.88,1311,1164,272,58.32,75.03,83.02,Possession,In Progress,74.02,5,Partially Possessed,46.47,In Progress,57.8,65.75,0.7819,High,23.625145,69.802946
LAP-0167,Greenfield National Highway Project 167,National Highway,India,Karnataka,Belagavi,609.34,Agricultural,1892300.08,1061,1034,210,89.37,73.8,81.02,Possession,In Progress,63.36,7,Partially Possessed,48.91,In Progress,82.63,64.7,0.7741,High,15.881535,74.444813
LAP-0168,Regional Solar Park Project 168,Solar Park,India,Telangana,Nalgonda,347.58,Agricultural,1845398.91,571,691,273,76.88,54.68,67.39,Possession,In Progress,65.61,3,Partially Possessed,61.0,In Progress,59.47,52.23,0.5209,Medium,17.087443,79.535395
LAP-0169,Greenfield Transmission Line Project 169,Transmission Line,India,Madhya Pradesh,Bhopal,190.86,Agricultural,1106229.01,311,190,245,74.23,53.84,93.51,Compensation,In Progress,39.43,7,Partially Possessed,47.33,Not Started,31.15,83.71,0.98,High,23.285787,77.211628
LAP-0170,Bharat Irrigation Canal Project 170,Irrigation Canal,India,Bihar,Muzaffarpur,255.09,Agricultural,1098187.78,431,343,263,92.29,76.33,59.53,Possession,In Progress,48.59,3,Partially Possessed,64.62,In Progress,73.5,53.01,0.505,Medium,26.183568,85.277811
LAP-0171,National Railway Corridor Project 171,Railway Corridor,India,Madhya Pradesh,Bhopal,70.94,Agricultural,1388392.61,109,121,172,79.34,68.31,86.89,Possession,In Progress,71.48,5,Partially Possessed,57.09,In Progress,49.55,63.47,0.7397,High,23.250213,77.204852
LAP-0172,Regional Irrigation Canal Project 172,Irrigation Canal,India,Gujarat,Kutch,296.04,Agricultural,1618528.24,444,361,354,53.06,40.06,48.88,Compensation,In Progress,35.12,5,Partially Possessed,54.34,In Progress,42.83,81.36,0.9155,High,23.830088,69.782448
LAP-0173,Eastern Logistics Park Project 173,Logistics Park,India,Karnataka,Mysuru,367.38,Agricultural,2567911.9,634,672,365,74.73,73.56,95.9,Possession,In Progress,56.24,6,Partially Possessed,53.36,In Progress,63.15,70.06,0.8473,High,12.526033,76.579538
LAP-0174,Samriddhi Airport Expansion Project 174,Airport Expansion,India,Maharashtra,Pune,799.53,Agricultural,2589221.84,1341,1047,206,72.88,69.82,59.16,Possession,In Progress,60.84,5,Partially Possessed,68.94,In Progress,51.25,70.7,0.8609,High,18.58344,74.071776
LAP-0175,National National Highway Project 175,National Highway,India,Bihar,Muzaffarpur,263.91,Residential,3299687.28,461,347,286,68.75,67.82,67.01,Possession,In Progress,60.86,7,Partially Possessed,51.37,In Progress,57.69,74.51,0.8632,High,26.0421,85.626015
LAP-0176,Bharat Metro Rail Project 176,Metro Rail,India,Gujarat,Ahmedabad,153.33,Residential,5914853.45,270,307,223,75.81,77.8,76.98,Possession,In Progress,71.56,4,Partially Possessed,71.33,In Progress,71.18,60.24,0.6451,High,23.284078,72.642727
LAP-0177,Frontier Logistics Park Project 177,Logistics Park,India,Madhya Pradesh,Bhopal,539.91,Agricultural,1077392.15,932,1062,167,71.48,67.1,83.92,Possession,In Progress,68.92,4,Partially Possessed,50.77,In Progress,65.58,58.5,0.6326,Medium,23.090206,77.363882
LAP-0178,Eastern Metro Rail Project 178,Metro Rail,India,Uttar Pradesh,Lucknow,141.62,Agricultural,1554192.75,219,161,88,87.4,74.53,95.75,Rehabilitation,In Progress,93.58,0,Possessed,100.0,In Progress,89.86,26.75,0.0966,Low,26.925332,80.962307
LAP-0179,National Metro Rail Project 179,Metro Rail,India,Telangana,Warangal,41.87,Agricultural,2336109.77,86,98,261,65.65,44.97,45.16,Compensation,In Progress,58.79,6,Partially Possessed,47.68,Not Started,32.67,89.53,0.98,High,18.007409,79.613084
LAP-0180,Coastal Solar Park Project 180,Solar Park,India,Gujarat,Surat,75.39,Agricultural,1987756.67,136,98,68,82.39,67.97,78.39,Rehabilitation,In Progress,81.89,1,Partially Possessed,70.11,In Progress,89.84,27.88,0.045,Low,21.177098,73.059869
LAP-0181,River National Highway Project 181,National Highway,India,Karnataka,Bengaluru Urban,385.98,Barren,1256322.01,687,520,192,82.94,78.01,68.98,Possession,In Progress,72.14,3,Partially Possessed,77.07,In Progress,61.82,47.71,0.3722,Medium,12.96531,77.527344
LAP-0182,Deccan Airport Expansion Project 182,Airport Expansion,India,Tamil Nadu,Tiruchirappalli,667.42,Agricultural,2332056.45,1135,1148,263,64.91,82.77,66.0,Possession,In Progress,57.14,4,Partially Possessed,67.81,In Progress,54.16,67.36,0.7678,High,10.926001,78.845217
LAP-0183,Bharat Railway Corridor Project 183,Railway Corridor,India,Tamil Nadu,Chengalpattu,269.68,Industrial,4775119.89,465,536,78,93.53,86.45,93.94,Rehabilitation,In Progress,85.43,2,Partially Possessed,86.37,In Progress,54.64,37.83,0.2474,Medium,12.426285,80.078808
LAP-0184,Greenfield National Highway Project 184,National Highway,India,Karnataka,Belagavi,297.76,Residential,7919547.49,540,336,306,87.32,81.87,65.99,Possession,In Progress,75.63,4,Partially Possessed,62.46,In Progress,77.19,50.28,0.4857,Medium,15.938425,74.494811
LAP-0185,National Airport Expansion Project 185,Airport Expansion,India,Gujarat,Ahmedabad,594.68,Residential,7374454.7,1063,930,92,91.69,81.55,100.0,Rehabilitation,In Progress,78.54,1,Partially Possessed,86.11,Completed,100.0,30.81,0.1211,Medium,23.038738,72.545127
LAP-0186,Greenfield Metro Rail Project 186,Metro Rail,India,Madhya Pradesh,Indore,208.07,Residential,3574519.31,338,270,349,72.73,55.97,59.15,Compensation,In Progress,39.74,5,Partially Possessed,42.23,Not Started,30.02,90.76,0.9783,High,22.663306,75.879122
LAP-0187,Eastern Irrigation Canal Project 187,Irrigation Canal,India,Tamil Nadu,Coimbatore,40.38,Agricultural,2044394.1,75,82,248,53.79,68.48,39.58,Compensation,In Progress,42.74,3,Partially Possessed,42.32,In Progress,43.89,70.13,0.8135,High,10.871641,76.83602
LAP-0188,Greenfield Solar Park Project 188,Solar Park,India,Maharashtra,Pune,894.79,Agricultural,2702990.34,1542,2063,215,90.87,82.42,62.52,Possession,In Progress,69.97,5,Partially Possessed,59.07,In Progress,87.11,49.33,0.4589,Medium,18.351285,73.985619
LAP-0189,Regional National Highway Project 189,National Highway,India,Gujarat,Surat,168.25,Agricultural,2107024.57,299,348,169,77.51,63.49,84.34,Possession,In Progress,59.71,3,Partially Possessed,65.88,In Progress,60.56,53.8,0.5483,Medium,21.037838,72.867582
LAP-0190,National Logistics Park Project 190,Logistics Park,India,Gujarat,Kutch,112.17,Industrial,4929273.5,206,274,226,55.78,55.1,71.9,Compensation,In Progress,38.43,5,Not Possessed,16.91,Not Started,30.62,87.53,0.9142,High,23.827162,69.629757
LAP-0191,Coastal National Highway Project 191,National Highway,India,Tamil Nadu,Coimbatore,275.81,Agricultural,2013232.27,475,504,162,98.6,100.0,100.0,Rehabilitation,In Progress,94.96,1,Partially Possessed,86.04,In Progress,86.31,20.78,0.0411,Low,10.862188,76.895284
LAP-0192,Samriddhi Transmission Line Project 192,Transmission Line,India,Maharashtra,Pune,94.64,Agricultural,2092818.36,147,166,248,74.92,59.82,95.33,Possession,In Progress,65.6,3,Partially Possessed,50.77,In Progress,38.83,57.96,0.6297,Medium,18.535035,73.960675
LAP-0193,Coastal Irrigation Canal Project 193,Irrigation Canal,India,Madhya Pradesh,Bhopal,420.85,Residential,3591652.06,714,567,262,86.5,84.76,82.37,Possession,In Progress,76.25,2,Partially Possessed,83.65,In Progress,63.08,38.08,0.1543,Medium,23.137607,77.491044
LAP-0194,Bharat Airport Expansion Project 194,Airport Expansion,India,Bihar,Muzaffarpur,422.1,Residential,3727872.93,742,532,214,72.57,81.55,90.77,Possession,In Progress,69.43,2,Partially Possessed,78.55,In Progress,76.34,47.04,0.3637,Medium,26.129473,85.317706
LAP-0195,National Logistics Park Project 195,Logistics Park,India,Tamil Nadu,Chengalpattu,103.79,Residential,6045827.49,195,139,130,82.81,82.39,80.73,Rehabilitation,In Progress,78.73,5,Partially Possessed,83.13,In Progress,76.18,49.76,0.4933,Medium,12.858407,80.052928
LAP-0196,Bharat Logistics Park Project 196,Logistics Park,India,Maharashtra,Pune,448.71,Agricultural,2054178.38,706,742,147,66.48,73.95,85.21,Possession,In Progress,74.34,4,Partially Possessed,67.42,In Progress,82.19,50.85,0.424,Medium,18.477096,73.885596
LAP-0197,Bharat Irrigation Canal Project 197,Irrigation Canal,India,Uttar Pradesh,Prayagraj,117.46,Residential,4251448.8,201,135,233,73.33,67.75,68.01,Possession,In Progress,75.04,2,Partially Possessed,52.35,In Progress,71.26,45.42,0.3601,Medium,25.397357,81.715189
LAP-0198,Bharat Metro Rail Project 198,Metro Rail,India,Telangana,Nalgonda,375.68,Residential,6596700.42,662,498,131,71.58,69.25,67.73,Possession,In Progress,60.95,6,Partially Possessed,67.05,In Progress,63.98,74.09,0.9128,High,17.047408,79.159562
LAP-0199,National National Highway Project 199,National Highway,India,Gujarat,Surat,1104.62,Agricultural,1574593.72,1867,2305,277,68.85,85.48,75.23,Possession,In Progress,68.56,6,Partially Possessed,66.59,In Progress,66.81,62.04,0.7191,High,21.118557,72.621193
LAP-0200,Coastal Metro Rail Project 200,Metro Rail,India,Telangana,Nalgonda,358.13,Barren,1002360.2,645,689,176,88.74,69.43,84.61,Rehabilitation,In Progress,74.37,0,Partially Possessed,94.31,In Progress,79.24,37.47,0.2013,Medium,16.962632,79.356119
LAP-0201,National Railway Corridor Project 201,Railway Corridor,India,Maharashtra,Nagpur,129.61,Residential,7720237.88,247,253,238,56.04,57.64,58.45,Compensation,In Progress,45.97,9,Partially Possessed,45.23,In Progress,53.73,93.77,0.9618,High,20.998911,79.037851
LAP-0202,National Railway Corridor Project 202,Railway Corridor,India,Madhya Pradesh,Bhopal,162.0,Agricultural,1155572.48,271,312,164,73.3,71.71,81.55,Possession,In Progress,75.09,4,Partially Possessed,67.39,In Progress,70.52,53.77,0.4992,Medium,23.320542,77.260831
LAP-0203,Eastern Transmission Line Project 203,Transmission Line,India,Tamil Nadu,Coimbatore,456.89,Industrial,4167490.08,777,707,355,38.67,52.05,62.71,Compensation,In Progress,39.19,6,Partially Possessed,42.2,In Progress,49.69,84.87,0.98,High,11.037064,77.03752
LAP-0204,Bharat Solar Park Project 204,Solar Park,India,Telangana,Rangareddy,445.86,Barren,913763.11,785,982,306,57.3,74.3,53.85,Possession,In Progress,60.06,1,Partially Possessed,46.23,In Progress,49.63,52.18,0.4501,Medium,17.409401,78.532847
LAP-0205,Frontier Logistics Park Project 205,Logistics Park,India,Gujarat,Ahmedabad,205.59,Commercial,9051457.48,307,223,371,81.24,55.67,69.67,Compensation,In Progress,35.68,10,Partially Possessed,38.11,Not Started,11.43,100.0,0.9649,High,23.083925,72.530336
LAP-0206,Deccan Solar Park Project 206,Solar Park,India,Karnataka,Mysuru,412.69,Barren,1353258.42,688,901,305,65.51,54.6,78.61,Compensation,In Progress,48.61,6,Not Possessed,31.06,In Progress,42.4,77.14,0.8713,High,12.389302,76.382291
LAP-0207,National Airport Expansion Project 207,Airport Expansion,India,Maharashtra,Nagpur,201.76,Residential,6984456.0,363,395,137,100.0,73.66,79.68,Rehabilitation,In Progress,73.99,0,Partially Possessed,76.77,In Progress,77.48,35.93,0.1824,Medium,21.202774,79.119229
LAP-0208,Deccan Logistics Park Project 208,Logistics Park,India,Madhya Pradesh,Bhopal,540.0,Agricultural,1107482.71,906,537,215,84.44,81.24,60.26,Possession,In Progress,80.63,1,Partially Possessed,69.48,In Progress,74.31,38.8,0.2696,Medium,23.128866,77.547034
LAP-0209,Bharat Irrigation Canal Project 209,Irrigation Canal,India,Gujarat,Surat,75.06,Residential,7185596.87,113,75,250,57.32,50.95,58.11,Possession,In Progress,54.25,6,Partially Possessed,56.02,In Progress,44.98,75.54,0.8724,High,21.496092,72.705934
LAP-0210,River Irrigation Canal Project 210,Irrigation Canal,India,Karnataka,Belagavi,102.07,Barren,1051440.14,197,263,197,69.18,73.26,46.55,Compensation,In Progress,45.23,2,Partially Possessed,43.78,In Progress,58.07,59.48,0.6638,Medium,15.947175,74.55138
LAP-0211,Greenfield Irrigation Canal Project 211,Irrigation Canal,India,Uttar Pradesh,Prayagraj,144.31,Barren,985869.87,212,173,168,81.08,69.08,64.28,Possession,In Progress,61.68,4,Partially Possessed,66.39,In Progress,72.76,53.31,0.5821,Medium,25.453936,81.674273
LAP-0212,Samriddhi Irrigation Canal Project 212,Irrigation Canal,India,Uttar Pradesh,Gautam Buddha Nagar,279.77,Agricultural,1767070.98,541,452,302,66.64,60.22,56.47,Possession,In Progress,56.01,4,Partially Possessed,56.5,In Progress,57.35,63.78,0.7727,High,28.549564,77.420961
LAP-0213,Regional Solar Park Project 213,Solar Park,India,Tamil Nadu,Chengalpattu,271.88,Commercial,10953895.79,462,313,275,75.38,51.82,82.57,Possession,In Progress,57.81,5,Partially Possessed,45.69,In Progress,66.66,62.33,0.699,High,12.705766,79.924893
LAP-0214,River Metro Rail Project 214,Metro Rail,India,Rajasthan,Jaipur,60.1,Residential,4799067.73,116,121,78,88.84,65.02,100.0,Rehabilitation,In Progress,85.2,2,Partially Possessed,70.63,In Progress,94.38,40.67,0.2925,Medium,27.040866,75.89221
LAP-0215,National Industrial Corridor Project 215,Industrial Corridor,India,Telangana,Warangal,458.66,Residential,6926115.38,775,859,200,77.23,48.91,51.34,Compensation,Not Started,29.65,5,Not Possessed,24.76,In Progress,41.19,91.56,0.9568,High,18.0658,79.492511
LAP-0216,Deccan Railway Corridor Project 216,Railway Corridor,India,Tamil Nadu,Chengalpattu,1011.66,Agricultural,2248569.19,1775,1909,145,95.6,86.18,80.08,Rehabilitation,In Progress,92.76,1,Partially Possessed,72.79,Completed,100.0,26.83,0.1491,Low,12.840232,79.937534
LAP-0217,Frontier Railway Corridor Project 217,Railway Corridor,India,Telangana,Nalgonda,59.91,Commercial,7376865.09,98,67,269,56.31,43.07,57.09,Compensation,In Progress,48.29,9,Partially Possessed,38.26,In Progress,45.13,97.45,0.9785,High,17.073557,79.326739
LAP-0218,River National Highway Project 218,National Highway,India,Madhya Pradesh,Indore,118.14,Industrial,2625397.14,191,231,221,65.4,99.41,100.0,Possession,In Progress,66.74,4,Partially Possessed,57.57,In Progress,73.21,51.7,0.4944,Medium,22.764817,75.905848
LAP-0219,Coastal Airport Expansion Project 219,Airport Expansion,India,Odisha,Sundargarh,540.56,Residential,3566566.62,911,977,141,96.32,88.62,85.5,Rehabilitation,In Progress,93.71,1,Partially Possessed,87.25,Completed,95.25,27.5,0.1181,Low,22.189168,84.079903
LAP-0220,Bharat National Highway Project 220,National Highway,India,Telangana,Nalgonda,62.07,Agricultural,2128014.61,127,95,291,58.54,52.95,70.93,Compensation,In Progress,44.9,3,Partially Possessed,36.35,Not Started,13.48,76.95,0.9355,High,17.099977,79.290203
LAP-0221,Greenfield Transmission Line Project 221,Transmission Line,India,Karnataka,Belagavi,506.93,Commercial,10948577.49,894,691,291,67.13,62.76,84.24,Possession,In Progress,68.66,5,Partially Possessed,43.07,In Progress,58.71,63.93,0.7451,High,15.807856,74.455294
LAP-0222,Coastal Transmission Line Project 222,Transmission Line,India,Odisha,Sundargarh,434.54,Residential,4012424.61,751,858,104,100.0,89.46,80.85,Completed,Completed,100.0,1,Partially Possessed,88.68,Completed,100.0,17.02,0.0373,Low,22.084851,84.124564
LAP-0223,River Solar Park Project 223,Solar Park,India,Telangana,Nalgonda,294.74,Residential,7306179.46,478,433,292,56.29,40.37,59.81,Compensation,Not Started,28.64,6,Partially Possessed,39.23,In Progress,68.5,80.62,0.8953,High,16.978686,79.575961
LAP-0224,Eastern Industrial Corridor Project 224,Industrial Corridor,India,Rajasthan,Jaipur,58.08,Barren,640136.19,92,115,71,93.07,91.69,91.54,Rehabilitation,In Progress,72.31,2,Partially Possessed,80.74,In Progress,81.33,41.24,0.2672,Medium,26.973671,75.942968
LAP-0225,Deccan Transmission Line Project 225,Transmission Line,India,Karnataka,Mysuru,213.56,Agricultural,2083245.66,339,250,296,68.52,47.2,72.59,Compensation,In Progress,43.52,4,Partially Possessed,41.34,In Progress,47.18,72.35,0.8706,High,12.4635,76.685794
LAP-0226,Samriddhi National Highway Project 226,National Highway,India,Rajasthan,Kota,96.9,Agricultural,1500006.69,173,118,262,67.52,89.57,56.49,Compensation,In Progress,36.0,4,Partially Possessed,56.6,In Progress,52.86,69.48,0.8288,High,25.051908,75.870936
LAP-0227,Eastern Airport Expansion Project 227,Airport Expansion,India,Bihar,Patna,124.52,Barren,548111.94,197,182,263,69.06,67.98,78.65,Possession,In Progress,73.95,4,Partially Possessed,72.51,In Progress,45.67,63.08,0.7888,High,25.560087,85.204886
LAP-0228,Bharat Metro Rail Project 228,Metro Rail,India,Karnataka,Mysuru,41.98,Agricultural,2546203.64,59,40,259,78.87,68.69,76.13,Possession,In Progress,73.11,3,Partially Possessed,53.77,In Progress,69.01,59.93,0.6451,Medium,12.444418,76.59532
LAP-0229,Coastal National Highway Project 229,National Highway,India,Gujarat,Surat,505.8,Residential,7461113.71,820,698,231,93.74,100.0,72.13,Rehabilitation,In Progress,70.28,1,Partially Possessed,71.74,In Progress,93.45,32.43,0.1069,Medium,21.097143,72.768099
LAP-0230,National National Highway Project 230,National Highway,India,Gujarat,Surat,379.44,Agricultural,1891664.26,622,442,72,87.11,75.07,89.0,Rehabilitation,In Progress,76.03,3,Partially Possessed,83.69,In Progress,74.94,40.06,0.2345,Medium,21.255018,72.785008
LAP-0231,Eastern Irrigation Canal Project 231,Irrigation Canal,India,Odisha,Khordha,249.75,Agricultural,1101955.69,445,579,153,100.0,91.83,100.0,Rehabilitation,In Progress,93.75,2,Possessed,100.0,In Progress,86.43,21.32,0.0505,Low,20.323697,85.996729
LAP-0232,National Metro Rail Project 232,Metro Rail,India,Odisha,Khordha,141.62,Industrial,2741168.3,232,283,149,66.36,73.7,85.96,Possession,In Progress,61.07,6,Partially Possessed,58.99,In Progress,44.85,77.79,0.9051,High,20.420868,85.899377
LAP-0233,Regional Logistics Park Project 233,Logistics Park,India,Odisha,Kalahandi,185.94,Agricultural,1232918.55,354,231,264,73.38,73.6,74.56,Rehabilitation,In Progress,87.0,3,Partially Possessed,71.73,In Progress,67.98,46.6,0.3757,Medium,19.779115,83.16351
LAP-0234,River Transmission Line Project 234,Transmission Line,India,Rajasthan,Jaipur,205.06,Commercial,5123736.46,360,328,268,72.75,86.26,82.53,Possession,In Progress,67.54,5,Partially Possessed,63.85,In Progress,75.27,55.17,0.5433,Medium,27.005256,75.813693
LAP-0235,River Airport Expansion Project 235,Airport Expansion,India,Maharashtra,Nagpur,220.64,Agricultural,2835216.32,386,323,256,77.1,98.85,81.86,Possession,In Progress,58.91,2,Partially Possessed,73.83,In Progress,59.3,53.22,0.5666,Medium,21.083349,78.900802
LAP-0236,River Metro Rail Project 236,Metro Rail,India,Odisha,Kalahandi,280.68,Residential,3973443.77,456,318,176,88.54,78.56,93.26,Rehabilitation,In Progress,89.89,3,Partially Possessed,75.52,In Progress,84.06,44.62,0.3305,Medium,19.811589,83.31845
LAP-0237,Frontier Solar Park Project 237,Solar Park,India,Tamil Nadu,Coimbatore,632.43,Agricultural,2278834.83,1070,1281,138,86.2,92.25,86.52,Rehabilitation,In Progress,86.67,1,Partially Possessed,93.13,Completed,95.47,19.37,0.0691,Low,11.019301,76.916195
LAP-0238,Frontier Irrigation Canal Project 238,Irrigation Canal,India,Odisha,Kalahandi,435.55,Agricultural,1119707.77,760,660,223,48.85,76.99,36.04,Compensation,In Progress,45.55,6,Not Possessed,32.92,In Progress,41.66,82.33,0.9271,High,19.801227,83.178665
LAP-0239,Samriddhi Airport Expansion Project 239,Airport Expansion,India,Tamil Nadu,Tiruchirappalli,331.03,Agricultural,2303778.61,582,522,45,83.93,85.35,89.01,Rehabilitation,In Progress,86.79,3,Partially Possessed,82.91,In Progress,71.33,42.79,0.2937,Medium,10.821975,78.443257
LAP-0240,Deccan Industrial Corridor Project 240,Industrial Corridor,India,Karnataka,Belagavi,91.67,Residential,8141559.27,168,212,275,79.2,69.08,86.87,Possession,In Progress,51.73,6,Partially Possessed,58.48,In Progress,55.32,76.87,0.9257,High,15.769011,74.573107
LAP-0241,National Solar Park Project 241,Solar Park,India,Odisha,Khordha,167.51,Agricultural,1263866.16,279,370,180,87.55,89.22,71.7,Rehabilitation,In Progress,79.43,3,Partially Possessed,89.88,In Progress,93.42,31.74,0.1322,Medium,20.51567,85.654978
LAP-0242,Deccan Airport Expansion Project 242,Airport Expansion,India,Uttar Pradesh,Lucknow,82.68,Agricultural,1557922.23,148,156,162,83.7,100.0,98.42,Completed,Completed,100.0,0,Partially Possessed,90.43,Completed,100.0,19.97,0.0854,Low,26.814994,80.919198
LAP-0243,Frontier Airport Expansion Project 243,Airport Expansion,India,Bihar,Gaya,1057.04,Agricultural,936590.38,1877,1680,132,90.72,73.06,90.65,Rehabilitation,In Progress,80.87,6,Partially Possessed,80.85,In Progress,77.44,56.21,0.5976,Medium,24.774397,84.995428
LAP-0244,Coastal Airport Expansion Project 244,Airport Expansion,India,Tamil Nadu,Tiruchirappalli,66.79,Barren,893818.88,112,105,259,68.71,50.81,55.71,Possession,In Progress,66.04,4,Partially Possessed,42.67,In Progress,49.81,72.53,0.808,High,10.818768,78.718134
LAP-0245,Frontier Solar Park Project 245,Solar Park,India,Rajasthan,Udaipur,137.82,Agricultural,1445612.98,208,227,152,75.86,75.36,81.68,Rehabilitation,In Progress,77.42,2,Partially Possessed,89.32,In Progress,72.42,34.08,0.1843,Medium,24.674929,73.606349
LAP-0246,Frontier Airport Expansion Project 246,Airport Expansion,India,Uttar Pradesh,Lucknow,187.28,Commercial,7204272.76,319,178,82,90.71,97.66,93.39,Rehabilitation,In Progress,88.9,3,Partially Possessed,92.54,In Progress,82.19,36.82,0.2701,Medium,26.725248,80.909333
LAP-0247,Coastal Transmission Line Project 247,Transmission Line,India,Tamil Nadu,Tiruchirappalli,365.1,Agricultural,2239996.78,652,703,152,72.41,66.06,88.64,Rehabilitation,In Progress,76.59,1,Partially Possessed,67.57,In Progress,82.72,35.49,0.2183,Medium,10.725402,78.671627
LAP-0248,Regional Solar Park Project 248,Solar Park,India,Madhya Pradesh,Bhopal,477.56,Barren,747432.94,878,691,309,62.05,57.79,54.56,Possession,In Progress,62.19,7,Partially Possessed,49.43,In Progress,43.3,76.0,0.9059,High,23.046537,77.362392
LAP-0249,Frontier Metro Rail Project 249,Metro Rail,India,Odisha,Sundargarh,224.08,Industrial,3011380.41,390,239,321,82.56,38.21,86.52,Possession,In Progress,35.94,10,Partially Possessed,54.9,In Progress,70.64,99.33,0.9702,High,22.054282,83.905052
LAP-0250,Frontier Railway Corridor Project 250,Railway Corridor,India,Gujarat,Surat,47.69,Agricultural,1680771.03,78,104,294,72.24,64.2,56.06,Possession,In Progress,52.03,5,Partially Possessed,56.67,In Progress,52.28,73.69,0.906,High,21.1895,72.744709
LAP-0251,Deccan Solar Park Project 251,Solar Park,India,Karnataka,Belagavi,100.73,Industrial,5651306.58,166,139,258,94.03,66.87,77.49,Rehabilitation,In Progress,80.72,2,Partially Possessed,76.55,In Progress,68.37,35.93,0.2281,Medium,15.907056,74.390073
LAP-0252,Deccan National Highway Project 252,National Highway,India,Tamil Nadu,Tiruchirappalli,56.85,Residential,6183155.72,89,72,156,81.74,65.65,100.0,Possession,In Progress,79.37,7,Partially Possessed,73.47,In Progress,55.1,60.96,0.6236,High,10.968265,78.774523
LAP-0253,Samriddhi National Highway Project 253,National Highway,India,Madhya Pradesh,Dhar,42.03,Residential,4459292.78,69,88,234,75.04,77.53,79.87,Possession,In Progress,61.78,2,Partially Possessed,78.43,In Progress,68.25,46.05,0.373,Medium,22.435175,75.144075
LAP-0254,River Metro Rail Project 254,Metro Rail,India,Odisha,Khordha,302.18,Agricultural,1274963.48,514,490,125,87.89,84.77,100.0,Possession,In Progress,63.97,1,Partially Possessed,49.43,In Progress,71.01,49.65,0.4251,Medium,20.405258,85.766404
LAP-0255,Greenfield National Highway Project 255,National Highway,India,Bihar,Muzaffarpur,92.43,Agricultural,1057740.28,150,190,393,47.26,31.46,46.99,Compensation,In Progress,38.68,5,Not Possessed,25.71,Not Started,33.92,90.24,0.9096,High,26.184417,85.358319
LAP-0256,Frontier National Highway Project 256,National Highway,India,Uttar Pradesh,Gautam Buddha Nagar,506.9,Agricultural,1638935.57,830,460,183,71.26,70.59,86.68,Possession,In Progress,78.74,4,Partially Possessed,79.63,In Progress,64.33,49.11,0.3698,Medium,28.397399,77.451935
LAP-0257,National National Highway Project 257,National Highway,India,Odisha,Khordha,51.42,Industrial,2185336.13,91,80,152,89.84,81.28,79.48,Possession,In Progress,67.85,2,Partially Possessed,76.75,In Progress,70.02,41.39,0.2638,Medium,20.369169,85.810417
LAP-0258,Bharat Railway Corridor Project 258,Railway Corridor,India,Uttar Pradesh,Prayagraj,645.08,Industrial,3062562.02,1121,1470,355,63.84,59.84,56.62,Compensation,In Progress,41.71,6,Partially Possessed,45.0,Not Started,28.82,88.67,0.9692,High,25.621694,81.968186
LAP-0259,Samriddhi Industrial Corridor Project 259,Industrial Corridor,India,Uttar Pradesh,Lucknow,157.68,Industrial,4346675.77,280,309,190,86.55,75.1,84.21,Possession,In Progress,76.76,3,Partially Possessed,61.84,In Progress,78.62,51.04,0.4653,Medium,27.012385,80.967557
LAP-0260,Deccan Railway Corridor Project 260,Railway Corridor,India,Madhya Pradesh,Bhopal,762.32,Agricultural,1422875.58,1299,1520,115,95.21,63.79,87.39,Rehabilitation,In Progress,79.62,3,Possessed,100.0,In Progress,92.68,36.85,0.1656,Medium,23.348543,77.301407
LAP-0261,Eastern Solar Park Project 261,Solar Park,India,Uttar Pradesh,Gautam Buddha Nagar,94.38,Barren,988603.43,142,160,134,70.75,70.9,94.1,Rehabilitation,In Progress,88.22,2,Partially Possessed,72.75,In Progress,81.97,31.3,0.1142,Medium,28.463413,77.404475
LAP-0262,Samriddhi Industrial Corridor Project 262,Industrial Corridor,India,Tamil Nadu,Chengalpattu,274.24,Agricultural,1833595.12,448,450,241,48.49,49.95,72.54,Compensation,In Progress,43.69,5,Not Possessed,33.74,Not Started,3.04,95.03,0.9128,High,12.653659,80.0906
LAP-0263,Eastern Industrial Corridor Project 263,Industrial Corridor,India,Rajasthan,Kota,42.61,Agricultural,1093645.11,54,71,224,67.55,68.24,88.46,Possession,In Progress,47.45,7,Partially Possessed,60.17,In Progress,62.55,81.05,0.8655,High,25.208091,75.852709
LAP-0264,Deccan Solar Park Project 264,Solar Park,India,Odisha,Kalahandi,270.63,Barren,656718.91,439,560,310,68.79,34.76,53.92,Compensation,Not Started,28.1,10,Partially Possessed,39.35,Not Started,16.45,100.0,0.9697,High,19.966326,83.276724
LAP-0265,Eastern Logistics Park Project 265,Logistics Park,India,Bihar,Patna,110.78,Industrial,2656165.39,206,133,280,52.49,48.95,31.03,Compensation,In Progress,36.04,7,Partially Possessed,45.5,In Progress,42.16,94.09,0.98,High,25.844944,85.225193
LAP-0266,River Railway Corridor Project 266,Railway Corridor,India,Rajasthan,Kota,378.15,Industrial,2871330.57,657,790,252,89.73,58.5,71.57,Possession,In Progress,47.27,4,Partially Possessed,67.5,In Progress,59.9,65.17,0.7918,High,25.026408,75.893319
LAP-0267,Eastern Transmission Line Project 267,Transmission Line,India,Odisha,Khordha,174.13,Agricultural,991989.62,298,324,117,76.52,100.0,100.0,Rehabilitation,Completed,100.0,0,Partially Possessed,87.13,Completed,100.0,13.68,0.02,Low,20.241014,85.921237
LAP-0268,National Transmission Line Project 268,Transmission Line,India,Madhya Pradesh,Indore,40.35,Agricultural,1103079.87,69,83,382,61.28,38.3,56.68,Compensation,In Progress,46.36,7,Not Possessed,31.07,In Progress,41.09,89.32,0.9772,High,22.746351,76.063619
LAP-0269,Frontier Airport Expansion Project 269,Airport Expansion,India,Bihar,Gaya,271.87,Barren,603602.63,482,582,308,53.69,48.87,67.93,Possession,In Progress,67.18,4,Partially Possessed,55.22,In Progress,58.36,70.01,0.8491,High,24.667596,85.172532
LAP-0270,Greenfield Transmission Line Project 270,Transmission Line,India,Bihar,Muzaffarpur,106.37,Residential,3276419.06,190,217,257,79.19,65.97,53.44,Possession,In Progress,72.61,3,Partially Possessed,63.68,In Progress,79.05,48.69,0.4193,Medium,26.034096,85.156996
LAP-0271,Frontier Metro Rail Project 271,Metro Rail,India,Madhya Pradesh,Bhopal,196.66,Commercial,4606891.84,330,217,380,61.72,43.43,75.56,Compensation,In Progress,49.68,6,Partially Possessed,55.67,In Progress,37.53,89.47,0.9206,High,23.494026,77.62784
LAP-0272,Eastern National Highway Project 272,National Highway,India,Gujarat,Ahmedabad,75.77,Agricultural,1663073.91,125,123,117,99.3,96.26,100.0,Rehabilitation,In Progress,86.22,2,Partially Possessed,78.09,In Progress,64.12,32.42,0.1684,Medium,23.058478,72.598284
LAP-0273,River Industrial Corridor Project 273,Industrial Corridor,India,Maharashtra,Nagpur,124.58,Residential,7541230.09,191,174,273,66.66,63.19,88.82,Compensation,In Progress,45.11,8,Partially Possessed,48.73,In Progress,46.06,91.41,0.9384,High,21.047406,79.171172
LAP-0274,Deccan Metro Rail Project 274,Metro Rail,India,Uttar Pradesh,Prayagraj,300.68,Agricultural,1518224.63,479,312,139,73.38,75.23,88.48,Rehabilitation,In Progress,71.0,4,Partially Possessed,66.53,In Progress,93.19,55.68,0.6176,Medium,25.364272,81.939092
LAP-0275,Samriddhi Airport Expansion Project 275,Airport Expansion,India,Karnataka,Mysuru,323.26,Residential,7781405.12,586,581,256,85.77,76.09,98.98,Rehabilitation,Completed,95.57,2,Partially Possessed,58.04,In Progress,86.98,39.05,0.2327,Medium,12.078823,76.804522
LAP-0276,Bharat Industrial Corridor Project 276,Industrial Corridor,India,Telangana,Warangal,143.87,Residential,7178307.39,251,169,129,83.59,95.73,81.32,Rehabilitation,In Progress,83.4,1,Partially Possessed,84.77,In Progress,88.22,34.28,0.1702,Medium,17.814243,79.296756
LAP-0277,River Industrial Corridor Project 277,Industrial Corridor,India,Uttar Pradesh,Gautam Buddha Nagar,126.62,Residential,4356762.6,212,281,153,94.11,66.22,70.44,Possession,In Progress,80.21,0,Partially Possessed,65.92,In Progress,61.37,41.97,0.2597,Medium,28.584547,77.339614
LAP-0278,Bharat Railway Corridor Project 278,Railway Corridor,India,Odisha,Kalahandi,532.48,Agricultural,957048.17,901,506,233,78.12,51.62,93.66,Possession,In Progress,74.63,4,Partially Possessed,44.24,In Progress,75.15,57.5,0.5666,Medium,19.863522,83.270907
LAP-0279,Regional National Highway Project 279,National Highway,India,Rajasthan,Kota,357.63,Agricultural,1431269.04,624,745,166,88.01,84.51,77.52,Rehabilitation,In Progress,75.21,1,Partially Possessed,76.89,In Progress,74.45,34.73,0.1208,Medium,24.919219,75.871093
LAP-0280,Greenfield Industrial Corridor Project 280,Industrial Corridor,India,Gujarat,Ahmedabad,103.49,Agricultural,1603542.28,169,141,289,95.93,96.81,91.67,Rehabilitation,In Progress,71.89,3,Partially Possessed,85.92,In Progress,92.4,43.68,0.327,Medium,23.34108,72.700315
LAP-0281,Deccan National Highway Project 281,National Highway,India,Bihar,Gaya,115.82,Barren,607616.51,190,222,190,67.64,64.33,98.63,Possession,In Progress,56.09,3,Partially Possessed,67.38,In Progress,71.27,52.7,0.529,Medium,24.795596,85.253162
LAP-0282,Frontier Transmission Line Project 282,Transmission Line,India,Uttar Pradesh,Gautam Buddha Nagar,238.22,Residential,4982721.69,397,293,155,61.29,78.56,94.02,Possession,In Progress,68.74,3,Partially Possessed,88.6,In Progress,57.8,46.72,0.365,Medium,28.540527,77.285722
LAP-0283,Regional Airport Expansion Project 283,Airport Expansion,India,Uttar Pradesh,Gautam Buddha Nagar,110.88,Residential,4558458.55,210,203,329,62.91,74.58,55.87,Possession,In Progress,58.1,9,Partially Possessed,65.65,In Progress,66.78,86.42,0.9514,High,28.532752,77.287795
LAP-0284,Frontier Logistics Park Project 284,Logistics Park,India,Tamil Nadu,Coimbatore,156.13,Barren,1016687.07,298,295,129,89.51,96.22,97.85,Rehabilitation,In Progress,89.09,0,Possessed,100.0,In Progress,91.03,18.93,0.0212,Low,11.205845,76.870059
LAP-0285,Samriddhi Railway Corridor Project 285,Railway Corridor,India,Maharashtra,Pune,1058.64,Residential,7195828.89,1821,2044,133,86.15,100.0,87.38,Possession,In Progress,66.76,0,Partially Possessed,87.91,In Progress,68.78,33.58,0.1651,Medium,18.719544,73.664511
LAP-0286,Greenfield Metro Rail Project 286,Metro Rail,India,Telangana,Rangareddy,487.98,Agricultural,1878531.75,864,780,153,69.03,73.37,96.17,Rehabilitation,In Progress,56.22,4,Partially Possessed,86.51,Completed,100.0,56.0,0.5881,Medium,17.454113,78.475489
LAP-0287,Samriddhi Irrigation Canal Project 287,Irrigation Canal,India,Rajasthan,Kota,203.56,Agricultural,1069514.85,342,433,146,91.04,88.53,100.0,Rehabilitation,Completed,98.64,0,Possessed,100.0,In Progress,83.53,14.02,0.02,Low,25.118778,75.954953
LAP-0288,Eastern Irrigation Canal Project 288,Irrigation Canal,India,Telangana,Warangal,742.56,Agricultural,2155041.32,1276,1711,231,86.11,60.53,78.77,Possession,In Progress,60.04,3,Partially Possessed,54.67,In Progress,69.73,52.03,0.5454,Medium,18.073263,79.622724
LAP-0289,Samriddhi Industrial Corridor Project 289,Industrial Corridor,India,Karnataka,Bengaluru Urban,562.44,Agricultural,2336563.12,942,582,178,78.58,81.74,73.96,Possession,In Progress,60.44,2,Partially Possessed,54.88,In Progress,63.21,57.09,0.6411,Medium,12.907411,77.599059
LAP-0290,Deccan Transmission Line Project 290,Transmission Line,India,Maharashtra,Pune,111.47,Agricultural,1981718.58,189,178,253,66.55,55.25,53.86,Possession,In Progress,65.46,8,Partially Possessed,60.39,In Progress,76.96,73.01,0.8534,High,18.640052,73.851005
LAP-0291,Greenfield Transmission Line Project 291,Transmission Line,India,Karnataka,Bengaluru Urban,410.29,Barren,1217358.19,681,387,93,83.35,85.71,91.31,Rehabilitation,In Progress,74.07,1,Partially Possessed,72.7,In Progress,83.82,31.49,0.1561,Medium,12.941548,77.652065
LAP-0292,Regional Industrial Corridor Project 292,Industrial Corridor,India,Gujarat,Ahmedabad,227.39,Barren,873977.05,418,533,196,78.16,62.83,67.23,Compensation,In Progress,47.15,3,Partially Possessed,53.66,Not Started,30.27,73.79,0.8548,High,23.091563,72.369962
LAP-0293,National Industrial Corridor Project 293,Industrial Corridor,India,Rajasthan,Udaipur,844.95,Residential,4036135.57,1421,1462,265,81.52,100.0,94.62,Rehabilitation,Completed,96.65,2,Partially Possessed,71.24,In Progress,58.08,42.0,0.3043,Medium,24.627728,73.79592
LAP-0294,Deccan National Highway Project 294,National Highway,India,Odisha,Kalahandi,95.12,Commercial,5519387.93,171,193,245,87.9,75.01,77.14,Possession,In Progress,78.21,3,Partially Possessed,48.29,In Progress,86.13,45.19,0.3436,Medium,20.006811,83.190331
LAP-0295,National Airport Expansion Project 295,Airport Expansion,India,Odisha,Khordha,110.49,Residential,3266437.09,188,172,121,99.67,73.55,85.93,Rehabilitation,In Progress,92.11,1,Possessed,97.69,In Progress,89.14,28.33,0.1532,Low,20.534359,85.686797
LAP-0296,Frontier Irrigation Canal Project 296,Irrigation Canal,India,Karnataka,Belagavi,294.07,Commercial,11235671.19,503,301,238,85.71,65.58,78.48,Possession,In Progress,67.18,6,Partially Possessed,79.73,In Progress,58.18,59.4,0.6704,Medium,15.919611,74.677894
LAP-0297,National Metro Rail Project 297,Metro Rail,India,Gujarat,Surat,338.48,Industrial,3843101.79,573,608,288,66.33,60.27,51.37,Notification,Not Started,26.28,5,Not Possessed,25.85,Not Started,20.84,99.33,0.98,High,21.097717,72.91714
LAP-0298,Coastal Airport Expansion Project 298,Airport Expansion,India,Gujarat,Surat,330.73,Agricultural,2133302.17,565,744,181,71.51,75.59,75.71,Possession,In Progress,71.94,1,Partially Possessed,55.45,In Progress,54.62,51.61,0.5168,Medium,21.093797,73.110063
LAP-0299,Regional Logistics Park Project 299,Logistics Park,India,Karnataka,Mysuru,204.5,Barren,1100101.6,362,246,263,56.51,35.02,62.14,Possession,In Progress,69.95,2,Partially Possessed,55.77,In Progress,42.8,61.41,0.7176,High,12.301213,76.70987
LAP-0300,Frontier Transmission Line Project 300,Transmission Line,India,Uttar Pradesh,Gautam Buddha Nagar,182.75,Industrial,4385482.67,285,342,111,95.9,94.37,100.0,Rehabilitation,In Progress,91.3,1,Partially Possessed,83.24,Completed,100.0,18.99,0.0528,Low,28.633996,77.341069
LAP-0301,Bharat Industrial Corridor Project 301,Industrial Corridor,India,Tamil Nadu,Tiruchirappalli,192.33,Agricultural,2075722.56,307,394,199,75.58,77.64,91.32,Rehabilitation,In Progress,75.31,3,Partially Possessed,84.62,In Progress,74.56,49.33,0.456,Medium,10.921586,78.717046
LAP-0302,Regional Irrigation Canal Project 302,Irrigation Canal,India,Maharashtra,Nashik,123.42,Industrial,6075061.97,200,168,113,91.68,96.07,85.17,Rehabilitation,In Progress,77.77,1,Possessed,99.47,Completed,96.2,21.85,0.0655,Low,20.149045,73.736507
LAP-0303,Samriddhi Industrial Corridor Project 303,Industrial Corridor,India,Maharashtra,Nagpur,93.57,Agricultural,2769907.26,145,102,320,65.3,55.3,100.0,Possession,In Progress,50.46,8,Partially Possessed,44.56,In Progress,56.57,88.87,0.98,High,21.142784,79.173196
LAP-0304,Frontier National Highway Project 304,National Highway,India,Rajasthan,Jaipur,104.15,Agricultural,1203395.01,197,209,258,75.17,60.55,73.19,Compensation,In Progress,39.41,1,Partially Possessed,46.08,In Progress,48.51,59.85,0.6779,Medium,26.903442,75.802144
LAP-0305,Deccan National Highway Project 305,National Highway,India,Karnataka,Belagavi,672.27,Residential,7918271.62,1154,763,183,52.84,57.64,68.65,Compensation,In Progress,48.4,8,Partially Possessed,49.45,In Progress,42.38,86.75,0.9695,High,15.844646,74.470185
LAP-0306,River Industrial Corridor Project 306,Industrial Corridor,India,Odisha,Kalahandi,89.24,Agricultural,1318913.39,137,127,67,90.6,78.93,81.02,Rehabilitation,In Progress,84.2,0,Partially Possessed,91.23,In Progress,90.89,28.9,0.1328,Low,20.07746,83.079817
LAP-0307,Bharat National Highway Project 307,National Highway,India,Tamil Nadu,Coimbatore,114.37,Residential,7061394.3,199,247,256,76.67,83.7,89.49,Possession,In Progress,68.76,2,Partially Possessed,66.73,In Progress,61.63,45.69,0.3499,Medium,11.011312,76.910281
LAP-0308,River Transmission Line Project 308,Transmission Line,India,Rajasthan,Udaipur,577.52,Agricultural,1420341.51,950,1199,211,74.5,62.42,78.19,Possession,In Progress,61.85,2,Partially Possessed,42.04,In Progress,77.25,50.1,0.4332,Medium,24.651615,73.605893
LAP-0309,Bharat Railway Corridor Project 309,Railway Corridor,India,Rajasthan,Jaipur,912.35,Agricultural,1107261.63,1524,1443,173,64.95,100.0,93.86,Rehabilitation,In Progress,83.88,1,Partially Possessed,80.08,Completed,100.0,29.7,0.1157,Low,26.962502,75.784326
LAP-0310,Deccan Logistics Park Project 310,Logistics Park,India,Bihar,Gaya,420.8,Agricultural,919466.24,721,774,87,55.28,63.16,83.8,Possession,In Progress,77.83,4,Partially Possessed,58.15,In Progress,49.69,59.09,0.6291,Medium,24.920183,85.068909
LAP-0311,Deccan Airport Expansion Project 311,Airport Expansion,India,Madhya Pradesh,Indore,242.43,Barren,729639.51,411,475,227,68.28,78.37,62.2,Possession,In Progress,63.94,2,Partially Possessed,65.54,In Progress,79.74,53.17,0.5276,Medium,22.690719,75.699909
LAP-0312,Greenfield Railway Corridor Project 312,Railway Corridor,India,Rajasthan,Kota,123.35,Industrial,2623473.52,215,146,150,88.3,92.2,98.25,Rehabilitation,In Progress,86.13,0,Partially Possessed,76.88,Completed,100.0,23.26,0.1002,Low,25.267809,75.793173
LAP-0313,Frontier Railway Corridor Project 313,Railway Corridor,India,Telangana,Rangareddy,68.64,Industrial,4163109.04,118,108,335,62.41,63.91,51.19,Compensation,In Progress,44.17,3,Not Possessed,28.46,Not Started,32.79,78.29,0.8725,High,17.232079,78.557193
LAP-0314,Regional National Highway Project 314,National Highway,India,Madhya Pradesh,Indore,87.67,Residential,3452380.95,143,129,249,49.54,65.27,56.37,Compensation,In Progress,52.92,6,Partially Possessed,36.27,Not Started,27.86,83.84,0.9693,High,22.676751,75.879889
LAP-0315,Deccan Logistics Park Project 315,Logistics Park,India,Karnataka,Mysuru,254.09,Agricultural,1929064.87,455,332,277,64.23,77.76,88.08,Possession,In Progress,39.5,6,Partially Possessed,46.08,In Progress,66.46,76.07,0.8949,High,12.372335,76.719555
LAP-0316,Greenfield National Highway Project 316,National Highway,India,Gujarat,Kutch,137.07,Agricultural,1774585.52,239,163,355,59.79,58.07,67.53,Compensation,In Progress,37.23,4,Not Possessed,26.95,In Progress,66.5,74.7,0.8475,High,23.69974,69.784106
LAP-0317,River National Highway Project 317,National Highway,India,Telangana,Rangareddy,868.25,Agricultural,1642736.4,1477,1452,166,88.2,86.62,66.04,Possession,In Progress,62.87,8,Partially Possessed,69.38,In Progress,84.95,64.87,0.8482,High,17.309875,78.574112
LAP-0318,Regional Transmission Line Project 318,Transmission Line,India,Telangana,Rangareddy,155.3,Agricultural,1771981.76,254,184,346,70.08,63.69,50.81,Compensation,In Progress,49.43,5,Partially Possessed,49.63,Not Started,34.31,76.16,0.8722,High,17.376075,78.495536
LAP-0319,Regional Metro Rail Project 319,Metro Rail,India,Karnataka,Belagavi,681.7,Commercial,11814942.62,1153,1342,298,74.08,57.09,84.55,Rehabilitation,In Progress,81.16,1,Partially Possessed,78.57,In Progress,67.2,47.83,0.3658,Medium,16.061596,74.445444
LAP-0320,River Industrial Corridor Project 320,Industrial Corridor,India,Uttar Pradesh,Lucknow,247.55,Agricultural,1412686.01,406,243,307,57.25,72.74,72.85,Possession,In Progress,64.91,3,Partially Possessed,48.76,In Progress,52.72,66.99,0.7731,High,26.923831,81.107012
LAP-0321,Greenfield Airport Expansion Project 321,Airport Expansion,India,Telangana,Warangal,239.94,Residential,5215318.07,432,572,348,62.63,68.25,74.33,Compensation,In Progress,41.93,5,Partially Possessed,56.99,Not Started,13.65,86.78,0.9363,High,17.934678,79.602576
LAP-0322,Bharat Industrial Corridor Project 322,Industrial Corridor,India,Tamil Nadu,Chengalpattu,268.89,Agricultural,2353039.81,441,468,201,82.3,86.77,65.04,Possession,In Progress,59.37,9,Partially Possessed,82.4,In Progress,59.66,80.64,0.9442,High,12.5645,80.006223
LAP-0323,Coastal Metro Rail Project 323,Metro Rail,India,Maharashtra,Nashik,212.94,Residential,7739823.25,409,523,286,48.03,42.95,48.7,Compensation,In Progress,39.56,3,Not Possessed,20.8,In Progress,35.29,89.52,0.98,High,20.003,73.641832
LAP-0324,Greenfield Solar Park Project 324,Solar Park,India,Uttar Pradesh,Prayagraj,121.22,Agricultural,1292389.1,196,143,228,60.65,57.05,70.81,Compensation,In Progress,39.26,9,Partially Possessed,42.35,In Progress,40.51,90.18,0.98,High,25.442859,82.00891
LAP-0325,Coastal Metro Rail Project 325,Metro Rail,India,Telangana,Warangal,151.43,Commercial,10725179.21,265,227,332,51.34,22.56,65.05,Compensation,In Progress,47.35,4,Partially Possessed,48.72,In Progress,38.35,86.84,0.9365,High,18.083236,79.616093
LAP-0326,Bharat Industrial Corridor Project 326,Industrial Corridor,India,Rajasthan,Jaipur,515.56,Agricultural,1198119.73,886,763,102,95.5,72.96,98.03,Rehabilitation,In Progress,71.56,2,Partially Possessed,84.99,In Progress,80.55,42.19,0.2952,Medium,27.085833,75.858962
LAP-0327,Greenfield Solar Park Project 327,Solar Park,India,Gujarat,Ahmedabad,122.59,Agricultural,1583456.36,195,129,277,82.84,72.88,70.6,Possession,In Progress,76.66,1,Partially Possessed,61.07,In Progress,80.59,34.78,0.1351,Medium,22.846739,72.610019
LAP-0328,Deccan Solar Park Project 328,Solar Park,India,Maharashtra,Nashik,195.35,Agricultural,2858708.21,302,297,497,57.92,46.07,61.74,Compensation,Not Started,26.51,5,Partially Possessed,41.33,In Progress,44.69,82.87,0.9748,High,20.128985,73.857346
LAP-0329,River Railway Corridor Project 329,Railway Corridor,India,Karnataka,Mysuru,630.37,Residential,8452270.74,1049,899,320,82.65,59.76,86.47,Possession,In Progress,72.81,4,Partially Possessed,63.57,Not Started,32.38,63.48,0.7011,High,12.405268,76.567511
LAP-0330,Greenfield Industrial Corridor Project 330,Industrial Corridor,India,Tamil Nadu,Coimbatore,228.37,Residential,7991813.14,422,474,126,63.61,76.81,92.11,Possession,In Progress,48.33,4,Partially Possessed,67.38,In Progress,61.2,66.95,0.7753,High,11.035495,77.110719
LAP-0331,Eastern Railway Corridor Project 331,Railway Corridor,India,Gujarat,Ahmedabad,59.87,Commercial,9149332.25,115,154,210,80.37,67.76,89.58,Possession,In Progress,53.71,2,Partially Possessed,62.42,In Progress,52.75,56.09,0.6408,Medium,23.060592,72.636312
LAP-0332,Bharat Logistics Park Project 332,Logistics Park,India,Madhya Pradesh,Dhar,109.8,Residential,3388520.21,205,225,260,71.95,76.03,67.95,Possession,In Progress,88.43,5,Partially Possessed,53.04,In Progress,73.5,55.96,0.5621,Medium,22.755892,75.167927
LAP-0333,National Railway Corridor Project 333,Railway Corridor,India,Rajasthan,Jaipur,356.62,Agricultural,1294240.98,620,836,210,81.55,65.2,77.04,Possession,In Progress,62.6,6,Partially Possessed,74.05,In Progress,75.66,63.64,0.8076,High,26.850128,75.694583
LAP-0334,Samriddhi National Highway Project 334,National Highway,India,Tamil Nadu,Tiruchirappalli,147.33,Agricultural,1905051.55,243,274,121,97.89,100.0,95.58,Rehabilitation,In Progress,80.44,1,Partially Possessed,71.8,In Progress,94.29,25.78,0.0274,Low,10.752862,78.678145
LAP-0335,Regional Airport Expansion Project 335,Airport Expansion,India,Bihar,Gaya,142.39,Agricultural,1198694.4,212,220,242,71.43,67.15,75.25,Possession,In Progress,57.25,5,Partially Possessed,46.1,In Progress,64.73,72.11,0.8754,High,24.473998,85.076792
LAP-0336,National Metro Rail Project 336,Metro Rail,India,Karnataka,Mysuru,137.48,Agricultural,2078380.4,262,193,187,92.9,97.45,83.35,Rehabilitation,In Progress,83.2,2,Partially Possessed,80.51,In Progress,65.73,44.29,0.343,Medium,12.378611,76.610338
LAP-0337,Samriddhi Metro Rail Project 337,Metro Rail,India,Uttar Pradesh,Prayagraj,135.93,Industrial,3809464.73,243,212,249,48.87,49.96,59.85,Compensation,In Progress,49.83,7,Partially Possessed,49.9,In Progress,47.34,93.0,0.98,High,25.568188,81.889585
LAP-0338,Frontier Logistics Park Project 338,Logistics Park,India,Telangana,Rangareddy,212.18,Barren,1157495.38,334,257,295,67.61,67.33,86.61,Possession,In Progress,73.99,3,Partially Possessed,56.75,In Progress,59.97,54.82,0.5119,Medium,17.613941,78.659188
LAP-0339,Regional Railway Corridor Project 339,Railway Corridor,India,Gujarat,Kutch,225.38,Commercial,9569064.86,424,513,156,93.7,79.56,85.09,Possession,In Progress,66.04,0,Partially Possessed,83.99,In Progress,71.49,35.29,0.1852,Medium,23.903999,69.952946
LAP-0340,Deccan Industrial Corridor Project 340,Industrial Corridor,India,Telangana,Nalgonda,82.89,Agricultural,1823757.49,146,92,196,84.18,90.09,78.38,Rehabilitation,In Progress,82.4,0,Partially Possessed,80.68,Completed,100.0,30.5,0.0726,Medium,17.037456,79.18576
LAP-0341,Eastern Solar Park Project 341,Solar Park,India,Odisha,Kalahandi,110.5,Residential,4485077.29,193,184,281,75.59,85.75,87.36,Rehabilitation,In Progress,88.01,1,Partially Possessed,85.27,In Progress,83.78,25.48,0.0717,Low,19.97351,83.155821
LAP-0342,River Solar Park Project 342,Solar Park,India,Karnataka,Belagavi,191.11,Industrial,4431471.64,316,210,160,60.48,56.39,65.95,Possession,In Progress,58.57,4,Partially Possessed,54.93,In Progress,71.72,57.36,0.6215,Medium,15.935767,74.577548
LAP-0343,Eastern Railway Corridor Project 343,Railway Corridor,India,Telangana,Nalgonda,179.02,Commercial,7639398.16,304,335,406,52.91,56.52,75.28,Compensation,In Progress,52.13,7,Not Possessed,30.13,Not Started,29.29,92.01,0.98,High,17.058639,79.32214
LAP-0344,Greenfield Railway Corridor Project 344,Railway Corridor,India,Rajasthan,Udaipur,531.24,Residential,4652990.06,871,969,384,67.02,62.62,56.83,Compensation,Not Started,34.06,6,Partially Possessed,44.71,Not Started,29.09,90.63,0.98,High,24.532545,73.798538
LAP-0345,Greenfield Railway Corridor Project 345,Railway Corridor,India,Madhya Pradesh,Bhopal,215.88,Commercial,5637575.8,361,249,281,84.22,82.04,85.24,Possession,In Progress,65.04,2,Partially Possessed,71.68,In Progress,53.17,50.58,0.4664,Medium,23.226692,77.42517
LAP-0346,River Irrigation Canal Project 346,Irrigation Canal,India,Bihar,Patna,74.54,Industrial,2457064.08,118,153,191,77.81,60.95,59.51,Possession,In Progress,48.71,10,Partially Possessed,47.94,In Progress,61.41,86.63,0.98,High,25.44006,85.141036
LAP-0347,Frontier Transmission Line Project 347,Transmission Line,India,Uttar Pradesh,Gautam Buddha Nagar,241.38,Agricultural,1436347.3,445,261,94,85.29,100.0,87.58,Rehabilitation,In Progress,92.35,2,Partially Possessed,70.1,In Progress,84.26,28.92,0.0851,Low,28.404266,77.160756
LAP-0348,River National Highway Project 348,National Highway,India,Odisha,Khordha,96.83,Agricultural,1054640.09,163,112,315,69.98,78.25,63.6,Compensation,In Progress,45.37,3,Partially Possessed,48.71,In Progress,43.9,66.46,0.8502,High,20.216101,85.832825
LAP-0349,National National Highway Project 349,National Highway,India,Odisha,Khordha,95.57,Agricultural,1253606.41,188,208,227,79.88,81.45,90.9,Possession,In Progress,60.07,2,Partially Possessed,65.03,In Progress,63.73,47.6,0.4084,Medium,20.260064,85.69514
LAP-0350,River Solar Park Project 350,Solar Park,India,Karnataka,Belagavi,300.58,Industrial,4355762.32,519,611,299,51.02,28.03,64.77,Notification,Not Started,23.55,8,Not Possessed,11.42,Not Started,18.35,100.0,0.98,High,16.04502,74.6315
LAP-0351,Greenfield Logistics Park Project 351,Logistics Park,India,Bihar,Gaya,600.5,Agricultural,1130434.08,1014,1021,225,89.5,92.59,92.98,Possession,In Progress,87.07,5,Partially Possessed,55.69,In Progress,64.4,51.92,0.5255,Medium,25.02491,84.907424
LAP-0352,Greenfield Irrigation Canal Project 352,Irrigation Canal,India,Gujarat,Ahmedabad,66.41,Commercial,7615180.48,114,97,310,61.89,53.31,63.72,Compensation,In Progress,52.42,5,Partially Possessed,44.48,In Progress,48.83,72.72,0.8983,High,22.981437,72.361044
LAP-0353,Coastal Airport Expansion Project 353,Airport Expansion,India,Madhya Pradesh,Dhar,380.81,Agricultural,1179115.64,652,844,92,82.81,82.19,79.26,Rehabilitation,In Progress,91.65,2,Partially Possessed,81.5,In Progress,58.85,41.77,0.2958,Medium,22.47016,75.343225
LAP-0354,River Logistics Park Project 354,Logistics Park,India,Telangana,Nalgonda,903.18,Commercial,8756772.37,1526,1407,133,94.64,80.72,80.12,Possession,In Progress,73.32,8,Partially Possessed,61.34,In Progress,47.29,70.46,0.8275,High,17.078419,79.25015
LAP-0355,Deccan Solar Park Project 355,Solar Park,India,Tamil Nadu,Chengalpattu,290.43,Industrial,4803758.66,481,382,109,96.68,97.52,87.67,Rehabilitation,In Progress,94.83,0,Partially Possessed,91.74,Completed,100.0,10.45,0.02,Low,12.809669,79.98486
LAP-0356,Regional Airport Expansion Project 356,Airport Expansion,India,Madhya Pradesh,Dhar,179.71,Residential,3282084.26,274,338,401,66.23,61.99,63.78,Possession,In Progress,60.94,1,Partially Possessed,47.88,In Progress,74.72,57.18,0.626,Medium,22.647184,75.418559
LAP-0357,Deccan Railway Corridor Project 357,Railway Corridor,India,Karnataka,Belagavi,104.06,Commercial,9124881.08,158,132,248,70.68,67.6,42.85,Compensation,In Progress,46.97,4,Partially Possessed,58.29,In Progress,43.6,73.28,0.9027,High,15.643431,74.523143
LAP-0358,Coastal Metro Rail Project 358,Metro Rail,India,Karnataka,Mysuru,186.61,Industrial,5985684.28,296,296,241,84.84,65.41,100.0,Possession,In Progress,61.5,5,Partially Possessed,50.99,In Progress,57.24,71.22,0.8692,High,12.089192,76.567719
LAP-0359,National Transmission Line Project 359,Transmission Line,India,Rajasthan,Kota,55.17,Residential,3424709.11,89,81,332,70.96,92.62,59.97,Possession,In Progress,67.16,2,Partially Possessed,69.98,In Progress,74.77,45.13,0.3415,Medium,25.064635,75.987444
LAP-0360,Bharat Irrigation Canal Project 360,Irrigation Canal,India,Karnataka,Bengaluru Urban,997.8,Agricultural,2007244.3,1719,1685,163,62.02,43.45,86.9,Possession,In Progress,61.03,6,Partially Possessed,69.21,In Progress,79.19,62.01,0.6936,High,13.006713,77.647202
LAP-0361,Frontier Transmission Line Project 361,Transmission Line,India,Madhya Pradesh,Indore,587.3,Agricultural,1015497.34,1027,1001,260,69.51,71.4,83.36,Possession,In Progress,73.38,2,Partially Possessed,67.15,In Progress,75.55,43.02,0.2673,Medium,22.667743,75.761433
LAP-0362,Bharat Transmission Line Project 362,Transmission Line,India,Bihar,Gaya,125.77,Agricultural,1069596.13,199,151,77,97.65,90.19,87.85,Rehabilitation,In Progress,70.06,1,Partially Possessed,76.1,In Progress,91.94,28.78,0.1313,Low,24.879624,84.87439
LAP-0363,Bharat Logistics Park Project 363,Logistics Park,India,Madhya Pradesh,Dhar,24.13,Residential,4360460.55,48,51,191,72.3,77.62,76.13,Possession,In Progress,50.88,8,Partially Possessed,71.52,In Progress,48.26,79.12,0.9577,High,22.494558,75.246164
LAP-0364,Bharat Airport Expansion Project 364,Airport Expansion,India,Odisha,Sundargarh,353.07,Agricultural,1269567.01,593,422,195,90.93,49.09,74.95,Possession,In Progress,61.78,3,Partially Possessed,62.07,In Progress,61.93,60.32,0.692,High,22.095254,84.205987
LAP-0365,Regional Airport Expansion Project 365,Airport Expansion,India,Bihar,Patna,233.43,Industrial,2310295.03,429,428,94,100.0,99.97,81.78,Rehabilitation,In Progress,86.27,3,Possessed,99.28,In Progress,87.66,35.37,0.1654,Medium,25.424104,85.211876
LAP-0366,Bharat Metro Rail Project 366,Metro Rail,India,Karnataka,Belagavi,111.24,Residential,5896843.19,186,183,322,69.71,42.31,71.63,Possession,In Progress,55.69,4,Partially Possessed,41.1,In Progress,58.74,77.18,0.8686,High,16.027249,74.545529
LAP-0367,River Logistics Park Project 367,Logistics Park,India,Rajasthan,Kota,136.79,Agricultural,1317313.09,235,192,205,77.17,84.59,82.45,Possession,In Progress,79.86,1,Partially Possessed,61.48,In Progress,80.29,37.72,0.1997,Medium,25.13068,75.865191
LAP-0368,Coastal Railway Corridor Project 368,Railway Corridor,India,Uttar Pradesh,Gautam Buddha Nagar,468.14,Residential,5375309.42,768,544,152,100.0,80.36,73.78,Rehabilitation,In Progress,94.0,5,Partially Possessed,78.37,In Progress,64.21,48.23,0.4569,Medium,28.434742,77.279896
LAP-0369,River Solar Park Project 369,Solar Park,India,Maharashtra,Nashik,62.76,Barren,1092898.62,81,53,108,87.45,71.69,97.78,Rehabilitation,Completed,96.58,3,Possessed,97.77,In Progress,73.1,28.05,0.1206,Low,19.979421,73.692822
LAP-0370,Eastern Metro Rail Project 370,Metro Rail,India,Uttar Pradesh,Gautam Buddha Nagar,70.22,Agricultural,1619266.25,116,74,173,100.0,91.79,78.65,Rehabilitation,Completed,95.19,1,Partially Possessed,77.24,In Progress,85.99,33.49,0.195,Medium,28.643315,77.347746
LAP-0371,Eastern Railway Corridor Project 371,Railway Corridor,India,Madhya Pradesh,Dhar,34.42,Commercial,5472552.23,67,37,148,100.0,85.86,85.08,Rehabilitation,In Progress,92.44,0,Possessed,100.0,In Progress,80.28,21.96,0.0295,Low,22.606026,75.487131
LAP-0372,Regional National Highway Project 372,National Highway,India,Uttar Pradesh,Prayagraj,50.12,Agricultural,1351328.37,70,82,310,61.85,58.92,65.88,Possession,In Progress,79.68,6,Partially Possessed,62.34,In Progress,42.82,68.13,0.8218,High,25.392537,81.638748
LAP-0373,Bharat Logistics Park Project 373,Logistics Park,India,Karnataka,Bengaluru Urban,89.91,Barren,1164702.88,173,223,299,55.17,44.95,38.15,Compensation,Not Started,22.65,14,Partially Possessed,38.42,In Progress,44.57,100.0,0.9771,High,13.117003,77.983478
LAP-0374,River Metro Rail Project 374,Metro Rail,India,Maharashtra,Nashik,922.96,Agricultural,2076001.76,1605,1135,241,65.9,58.13,65.43,Possession,In Progress,68.72,5,Partially Possessed,46.17,In Progress,40.65,78.43,0.9053,High,20.066533,73.644102
LAP-0375,Eastern Solar Park Project 375,Solar Park,India,Gujarat,Kutch,650.8,Agricultural,1749791.82,1125,994,252,65.02,47.16,56.46,Possession,In Progress,59.2,7,Partially Possessed,50.67,In Progress,64.01,72.69,0.8808,High,23.722808,69.918367
LAP-0376,Deccan Railway Corridor Project 376,Railway Corridor,India,Karnataka,Mysuru,233.82,Commercial,9381383.62,390,222,445,67.41,39.37,51.81,Compensation,In Progress,53.34,6,Not Possessed,34.46,In Progress,49.22,85.62,0.9477,High,12.205424,76.853452
LAP-0377,Bharat Irrigation Canal Project 377,Irrigation Canal,India,Bihar,Patna,138.94,Agricultural,1178669.83,221,146,200,73.32,80.66,88.43,Possession,In Progress,81.98,2,Partially Possessed,55.59,In Progress,52.75,43.25,0.3157,Medium,25.32917,85.15037
LAP-0378,Regional Metro Rail Project 378,Metro Rail,India,Uttar Pradesh,Gautam Buddha Nagar,128.52,Residential,5497477.37,250,183,189,80.91,77.09,80.05,Possession,In Progress,79.79,2,Partially Possessed,58.21,In Progress,71.7,50.96,0.5199,Medium,28.568075,77.471311
LAP-0379,Bharat Logistics Park Project 379,Logistics Park,India,Rajasthan,Udaipur,322.65,Barren,612381.38,543,528,284,66.3,43.71,70.76,Possession,In Progress,67.93,1,Partially Possessed,72.79,In Progress,51.57,51.65,0.4257,Medium,24.651352,73.71053
LAP-0380,Regional National Highway Project 380,National Highway,India,Madhya Pradesh,Dhar,76.17,Agricultural,1023048.83,140,126,134,75.06,84.27,57.13,Possession,In Progress,82.98,5,Partially Possessed,69.47,In Progress,63.14,53.62,0.4955,Medium,22.617801,75.437144
LAP-0381,Regional Solar Park Project 381,Solar Park,India,Odisha,Kalahandi,80.78,Agricultural,900201.9,126,71,182,67.89,72.28,65.33,Possession,In Progress,85.75,5,Partially Possessed,68.55,In Progress,66.31,50.01,0.4717,Medium,19.863547,83.247473
LAP-0382,Regional National Highway Project 382,National Highway,India,Odisha,Sundargarh,152.47,Industrial,2912765.09,243,303,259,50.71,55.27,46.5,Notification,Not Started,12.42,7,Not Possessed,23.16,Not Started,34.69,100.0,0.98,High,22.015694,83.848146
LAP-0383,River Solar Park Project 383,Solar Park,India,Maharashtra,Nashik,322.54,Agricultural,2956570.52,551,381,188,64.07,57.18,84.49,Possession,In Progress,54.9,3,Partially Possessed,51.38,In Progress,63.68,55.05,0.5535,Medium,20.028902,73.913635
LAP-0384,National Solar Park Project 384,Solar Park,India,Odisha,Khordha,324.52,Agricultural,1348651.97,575,664,223,73.93,62.95,91.84,Rehabilitation,In Progress,72.78,2,Partially Possessed,76.33,In Progress,80.72,37.06,0.2124,Medium,20.246164,85.750789
LAP-0385,Regional Industrial Corridor Project 385,Industrial Corridor,India,Telangana,Rangareddy,833.28,Agricultural,1577333.72,1459,1687,237,59.74,63.37,67.62,Possession,In Progress,51.87,3,Partially Possessed,70.75,In Progress,41.11,70.1,0.8458,High,17.279523,78.579369
LAP-0386,National National Highway Project 386,National Highway,India,Bihar,Muzaffarpur,176.15,Agricultural,984200.46,309,330,204,80.97,76.9,96.99,Possession,In Progress,68.1,2,Partially Possessed,78.57,In Progress,54.24,44.53,0.3482,Medium,26.081201,85.479584
LAP-0387,Greenfield Solar Park Project 387,Solar Park,India,Odisha,Kalahandi,1174.55,Residential,3094572.8,1964,2048,288,70.45,69.17,64.71,Compensation,In Progress,52.45,5,Partially Possessed,40.4,In Progress,43.56,69.66,0.8553,High,19.670404,83.085783
LAP-0388,Deccan Railway Corridor Project 388,Railway Corridor,India,Maharashtra,Pune,152.11,Agricultural,2969518.08,240,205,225,67.08,59.74,74.83,Possession,In Progress,58.88,10,Partially Possessed,56.77,In Progress,65.91,86.81,0.9388,High,18.623809,73.810045
LAP-0389,Frontier Logistics Park Project 389,Logistics Park,India,Uttar Pradesh,Lucknow,70.35,Industrial,3070944.26,128,77,64,93.44,89.78,82.58,Rehabilitation,In Progress,85.76,1,Partially Possessed,81.05,In Progress,75.51,30.24,0.1073,Medium,27.058683,81.098912
LAP-0390,Coastal Metro Rail Project 390,Metro Rail,India,Karnataka,Mysuru,417.05,Industrial,5350364.13,685,787,75,85.46,92.85,81.95,Rehabilitation,In Progress,83.59,5,Partially Possessed,71.4,Completed,100.0,50.65,0.4397,Medium,12.28026,76.583092
LAP-0391,Samriddhi Railway Corridor Project 391,Railway Corridor,India,Karnataka,Mysuru,81.38,Residential,6672575.19,144,125,134,73.97,62.37,77.72,Compensation,In Progress,60.13,3,Partially Possessed,53.01,In Progress,36.28,63.89,0.7037,High,12.297999,76.456682
LAP-0392,Deccan Transmission Line Project 392,Transmission Line,India,Maharashtra,Pune,144.65,Barren,1375930.47,241,261,262,69.43,60.05,46.73,Compensation,In Progress,36.58,5,Partially Possessed,45.5,In Progress,54.01,76.78,0.8769,High,18.34808,73.966291
LAP-0393,Regional Logistics Park Project 393,Logistics Park,India,Tamil Nadu,Coimbatore,133.96,Agricultural,1954699.1,245,243,184,97.92,80.13,90.3,Possession,In Progress,78.0,1,Partially Possessed,74.95,In Progress,63.15,36.79,0.1844,Medium,10.932419,76.900688
LAP-0394,Deccan Airport Expansion Project 394,Airport Expansion,India,Uttar Pradesh,Lucknow,150.52,Agricultural,1887453.87,234,228,84,100.0,75.33,100.0,Rehabilitation,In Progress,83.1,0,Partially Possessed,75.7,In Progress,85.9,29.45,0.1043,Low,26.968704,80.945371
LAP-0395,Eastern Logistics Park Project 395,Logistics Park,India,Gujarat,Kutch,94.79,Agricultural,2143032.13,138,140,221,70.83,84.08,82.75,Rehabilitation,In Progress,90.68,2,Partially Possessed,83.37,In Progress,81.6,35.62,0.2076,Medium,23.631461,69.716716
LAP-0396,Bharat Railway Corridor Project 396,Railway Corridor,India,Rajasthan,Kota,104.31,Agricultural,1411400.66,169,201,220,70.22,58.15,70.65,Possession,In Progress,79.88,1,Partially Possessed,76.05,In Progress,62.88,44.07,0.3143,Medium,25.351948,75.913941
LAP-0397,Regional Logistics Park Project 397,Logistics Park,India,Bihar,Muzaffarpur,405.02,Barren,571063.99,688,433,190,98.29,88.62,86.62,Rehabilitation,In Progress,77.04,3,Partially Possessed,86.52,In Progress,83.1,38.71,0.2479,Medium,26.072371,85.344157
LAP-0398,Coastal Industrial Corridor Project 398,Industrial Corridor,India,Rajasthan,Jaipur,51.33,Industrial,2964494.7,93,113,189,92.91,89.52,93.76,Rehabilitation,In Progress,94.38,0,Partially Possessed,86.9,Completed,100.0,23.76,0.0995,Low,26.965788,75.671661
LAP-0399,River Transmission Line Project 399,Transmission Line,India,Bihar,Muzaffarpur,127.17,Commercial,4927420.09,218,292,340,79.86,90.24,84.71,Possession,In Progress,74.84,5,Partially Possessed,58.31,In Progress,69.75,54.26,0.5316,Medium,26.123784,85.418061
LAP-0400,Coastal Transmission Line Project 400,Transmission Line,India,Odisha,Sundargarh,126.42,Agricultural,1030693.71,232,139,125,80.97,94.29,92.33,Rehabilitation,In Progress,85.25,0,Possessed,96.83,In Progress,88.85,19.49,0.024,Low,22.322921,84.036066
LAP-0401,Bharat National Highway Project 401,National Highway,India,Rajasthan,Udaipur,219.69,Agricultural,1066750.75,390,458,315,79.75,55.26,86.02,Compensation,In Progress,53.69,3,Partially Possessed,47.57,Not Started,33.31,65.35,0.7982,High,24.61313,73.555193
LAP-0402,Samriddhi Solar Park Project 402,Solar Park,India,Maharashtra,Nagpur,167.18,Agricultural,2926122.29,275,197,338,62.46,55.56,72.37,Compensation,Not Started,34.29,6,Not Possessed,19.16,Not Started,29.35,86.78,0.9776,High,21.243221,78.854269
LAP-0403,Greenfield Railway Corridor Project 403,Railway Corridor,India,Rajasthan,Jaipur,111.69,Agricultural,1143999.0,213,136,328,70.75,54.69,90.31,Compensation,In Progress,40.69,3,Not Possessed,31.13,In Progress,45.35,73.26,0.8785,High,26.996379,75.812576
LAP-0404,National Railway Corridor Project 404,Railway Corridor,India,Madhya Pradesh,Indore,102.89,Agricultural,1398508.35,168,199,159,73.28,57.52,100.0,Possession,In Progress,78.81,2,Partially Possessed,68.02,In Progress,62.95,46.15,0.3925,Medium,22.514043,75.671585
LAP-0405,Frontier Irrigation Canal Project 405,Irrigation Canal,India,Maharashtra,Pune,111.71,Agricultural,2042202.23,189,198,309,52.07,65.92,43.43,Compensation,In Progress,35.6,6,Partially Possessed,41.38,Not Started,33.7,86.46,0.979,High,18.442586,73.905649
LAP-0406,Deccan Metro Rail Project 406,Metro Rail,India,Rajasthan,Kota,135.15,Agricultural,1445978.29,221,158,257,88.73,74.08,84.26,Possession,In Progress,62.9,3,Partially Possessed,65.58,In Progress,80.25,56.85,0.6178,Medium,25.216019,75.964448
LAP-0407,Deccan Metro Rail Project 407,Metro Rail,India,Rajasthan,Udaipur,823.96,Commercial,6212189.71,1408,855,106,96.26,77.73,96.96,Rehabilitation,In Progress,88.47,2,Partially Possessed,84.93,In Progress,64.38,41.81,0.2424,Medium,24.385287,73.66956
LAP-0408,Samriddhi National Highway Project 408,National Highway,India,Maharashtra,Nagpur,118.86,Agricultural,2670905.57,232,179,174,80.53,78.28,74.6,Possession,In Progress,76.82,1,Partially Possessed,54.5,In Progress,72.5,39.67,0.2879,Medium,21.068054,79.221993
LAP-0409,River Transmission Line Project 409,Transmission Line,India,Madhya Pradesh,Bhopal,111.04,Agricultural,1152942.87,196,194,201,72.51,55.21,71.86,Compensation,In Progress,47.67,2,Partially Possessed,67.28,Not Started,34.59,59.95,0.6621,Medium,23.482877,77.333882
LAP-0410,Deccan Transmission Line Project 410,Transmission Line,India,Uttar Pradesh,Prayagraj,170.74,Commercial,6618597.37,277,219,196,89.93,86.69,100.0,Possession,In Progress,70.21,4,Partially Possessed,70.52,In Progress,66.65,47.16,0.394,Medium,25.427979,81.900153
LAP-0411,Samriddhi Industrial Corridor Project 411,Industrial Corridor,India,Uttar Pradesh,Lucknow,106.73,Agricultural,1569843.2,199,159,243,66.68,80.0,50.38,Possession,In Progress,65.3,2,Partially Possessed,45.56,In Progress,63.41,60.99,0.6828,High,26.776304,81.077339
LAP-0412,Deccan Railway Corridor Project 412,Railway Corridor,India,Odisha,Khordha,226.97,Agricultural,1141514.04,368,360,224,89.67,79.42,79.36,Rehabilitation,In Progress,86.8,1,Partially Possessed,71.71,In Progress,85.23,33.69,0.1338,Medium,20.251037,85.619936
LAP-0413,River Solar Park Project 413,Solar Park,India,Telangana,Warangal,423.42,Commercial,9140885.86,705,506,197,77.23,63.68,65.31,Possession,In Progress,74.21,4,Partially Possessed,84.15,In Progress,59.54,48.52,0.4221,Medium,17.74663,79.643967
LAP-0414,Bharat Metro Rail Project 414,Metro Rail,India,Tamil Nadu,Chengalpattu,139.32,Agricultural,1955970.33,245,165,226,60.14,50.42,58.23,Compensation,Not Started,33.56,9,Partially Possessed,46.35,In Progress,46.87,100.0,0.9697,High,12.590396,80.138263
LAP-0415,Coastal Airport Expansion Project 415,Airport Expansion,India,Gujarat,Kutch,227.0,Residential,7397079.53,385,368,301,87.55,70.41,74.77,Possession,In Progress,52.78,4,Partially Possessed,66.74,In Progress,66.95,64.7,0.7272,High,23.606343,69.972693
LAP-0416,River Metro Rail Project 416,Metro Rail,India,Gujarat,Surat,98.78,Residential,6916994.09,168,97,143,80.89,74.48,66.15,Possession,In Progress,52.38,2,Partially Possessed,57.37,In Progress,64.92,61.48,0.7947,High,21.085822,72.874135
LAP-0417,Deccan Transmission Line Project 417,Transmission Line,India,Karnataka,Bengaluru Urban,618.67,Commercial,10142695.57,1063,768,372,69.56,45.58,58.78,Possession,In Progress,57.67,6,Partially Possessed,40.25,In Progress,64.36,74.5,0.8899,High,13.061002,77.757419
LAP-0418,Greenfield Railway Corridor Project 418,Railway Corridor,India,Telangana,Warangal,574.02,Commercial,10423187.15,995,1291,215,84.66,73.88,100.0,Rehabilitation,In Progress,81.06,3,Possessed,100.0,In Progress,67.8,41.39,0.2563,Medium,17.980109,79.641811
LAP-0419,Deccan Irrigation Canal Project 419,Irrigation Canal,India,Telangana,Rangareddy,451.82,Barren,1221278.96,787,989,246,74.86,78.6,87.76,Rehabilitation,In Progress,65.72,1,Partially Possessed,89.85,Completed,95.84,31.53,0.1247,Medium,17.535608,78.523419
LAP-0420,Regional Logistics Park Project 420,Logistics Park,India,Gujarat,Ahmedabad,275.52,Agricultural,2020464.37,456,601,162,59.33,91.56,80.77,Possession,In Progress,64.27,3,Partially Possessed,78.73,In Progress,57.2,52.83,0.5136,Medium,22.887286,72.545675
LAP-0421,Bharat Solar Park Project 421,Solar Park,India,Tamil Nadu,Coimbatore,149.58,Residential,7772875.32,252,141,244,99.64,86.25,76.19,Possession,In Progress,61.28,2,Partially Possessed,66.8,In Progress,76.44,39.29,0.2869,Medium,11.116991,76.959677
LAP-0422,Regional Solar Park Project 422,Solar Park,India,Odisha,Kalahandi,226.73,Barren,606985.51,371,413,246,69.84,84.46,86.97,Possession,In Progress,40.54,6,Partially Possessed,57.48,In Progress,72.29,65.5,0.7398,High,19.952553,83.017232
LAP-0423,Coastal Logistics Park Project 423,Logistics Park,India,Gujarat,Surat,268.62,Agricultural,1898678.17,502,507,346,41.73,58.0,57.15,Notification,Not Started,25.93,9,Not Possessed,10.8,Not Started,21.42,100.0,0.9581,High,21.220167,72.835156
LAP-0424,National Logistics Park Project 424,Logistics Park,India,Tamil Nadu,Coimbatore,63.41,Residential,7826376.38,103,79,150,100.0,62.73,95.69,Rehabilitation,In Progress,79.77,4,Partially Possessed,90.33,In Progress,62.26,46.09,0.3767,Medium,11.06319,76.912247
LAP-0425,River Logistics Park Project 425,Logistics Park,India,Gujarat,Kutch,196.67,Agricultural,2178486.14,317,251,150,62.77,74.64,80.12,Possession,In Progress,72.36,4,Partially Possessed,73.05,In Progress,67.44,54.19,0.5962,Medium,23.659272,69.872226
LAP-0426,Coastal Metro Rail Project 426,Metro Rail,India,Odisha,Kalahandi,175.58,Industrial,3132981.75,298,299,188,85.04,85.29,87.27,Rehabilitation,In Progress,79.38,4,Partially Possessed,83.63,In Progress,67.91,53.81,0.5502,Medium,19.990729,83.203432
LAP-0427,Regional Logistics Park Project 427,Logistics Park,India,Uttar Pradesh,Prayagraj,78.3,Residential,6011960.45,128,146,389,61.59,60.34,64.3,Compensation,In Progress,43.76,8,Partially Possessed,39.13,In Progress,35.86,94.13,0.9224,High,25.492364,81.794377
LAP-0428,Eastern Irrigation Canal Project 428,Irrigation Canal,India,Madhya Pradesh,Dhar,626.76,Residential,4579266.38,1086,835,315,54.95,43.82,68.32,Compensation,In Progress,54.22,12,Partially Possessed,51.5,In Progress,36.34,100.0,0.9621,High,22.673271,75.515381
LAP-0429,Samriddhi Logistics Park Project 429,Logistics Park,India,Maharashtra,Nashik,325.87,Agricultural,2698036.74,594,460,227,83.84,69.57,88.59,Possession,In Progress,77.39,6,Partially Possessed,62.96,In Progress,69.51,59.63,0.5912,Medium,19.883461,73.909593
LAP-0430,Bharat Metro Rail Project 430,Metro Rail,India,Gujarat,Ahmedabad,247.57,Agricultural,1857592.01,415,277,336,56.53,57.14,46.14,Possession,In Progress,67.7,7,Partially Possessed,60.47,In Progress,49.63,86.1,0.9411,High,22.977539,72.649948
LAP-0431,River Airport Expansion Project 431,Airport Expansion,India,Rajasthan,Kota,372.53,Residential,4491128.1,641,500,191,73.42,75.51,88.73,Possession,In Progress,76.93,2,Partially Possessed,72.9,In Progress,67.32,47.73,0.3824,Medium,25.044181,75.621231
LAP-0432,Deccan National Highway Project 432,National Highway,India,Madhya Pradesh,Bhopal,334.95,Residential,3226287.82,550,529,271,84.9,89.55,63.4,Possession,In Progress,51.06,6,Partially Possessed,82.31,In Progress,74.39,62.24,0.7241,High,23.398353,77.736323
LAP-0433,Samriddhi Irrigation Canal Project 433,Irrigation Canal,India,Rajasthan,Udaipur,98.51,Agricultural,1374127.53,181,237,271,66.49,75.4,68.62,Rehabilitation,In Progress,74.27,5,Partially Possessed,72.28,In Progress,81.84,52.45,0.519,Medium,24.700779,73.623564
LAP-0434,Deccan Irrigation Canal Project 434,Irrigation Canal,India,Odisha,Sundargarh,114.8,Agricultural,1119019.16,191,225,112,100.0,73.15,64.18,Rehabilitation,In Progress,79.87,0,Partially Possessed,71.47,In Progress,87.55,26.08,0.0578,Low,22.06343,84.01408
LAP-0435,National Industrial Corridor Project 435,Industrial Corridor,India,Odisha,Khordha,71.65,Industrial,2158128.51,117,79,308,83.96,71.54,69.34,Compensation,In Progress,44.46,4,Partially Possessed,41.11,In Progress,45.51,76.91,0.8702,High,20.159056,85.630215
LAP-0436,River Irrigation Canal Project 436,Irrigation Canal,India,Maharashtra,Nagpur,235.23,Agricultural,2251618.89,425,264,347,59.1,56.54,58.31,Compensation,In Progress,52.2,8,Not Possessed,28.79,Not Started,31.18,90.71,0.9383,High,21.216055,78.871382
LAP-0437,National Irrigation Canal Project 437,Irrigation Canal,India,Madhya Pradesh,Dhar,82.93,Residential,4678135.31,120,83,210,78.44,59.86,57.32,Possession,In Progress,61.6,0,Partially Possessed,68.19,In Progress,76.41,39.27,0.1949,Medium,22.62907,75.080827
LAP-0438,Greenfield National Highway Project 438,National Highway,India,Gujarat,Kutch,327.42,Agricultural,2232241.48,570,484,339,57.22,52.04,62.37,Compensation,In Progress,42.96,8,Partially Possessed,37.32,In Progress,48.75,91.07,0.9435,High,23.778567,69.896511
LAP-0439,Bharat National Highway Project 439,National Highway,India,Maharashtra,Pune,155.58,Industrial,4911766.1,269,251,136,81.63,84.48,93.44,Rehabilitation,In Progress,79.64,1,Partially Possessed,85.67,In Progress,66.7,32.69,0.1338,Medium,18.430017,73.884236
LAP-0440,River Airport Expansion Project 440,Airport Expansion,India,Uttar Pradesh,Lucknow,43.35,Agricultural,1769850.82,92,65,45,100.0,89.05,83.91,Rehabilitation,In Progress,83.06,1,Partially Possessed,79.99,In Progress,81.08,33.2,0.1366,Medium,26.833741,81.040073
LAP-0441,Coastal Irrigation Canal Project 441,Irrigation Canal,India,Madhya Pradesh,Indore,118.02,Agricultural,1220037.33,206,173,192,62.88,64.09,51.56,Compensation,In Progress,39.4,6,Partially Possessed,50.56,In Progress,44.37,79.08,0.9148,High,22.70355,76.080434
LAP-0442,Deccan Railway Corridor Project 442,Railway Corridor,India,Madhya Pradesh,Indore,178.48,Barren,537931.24,311,249,133,88.08,58.65,78.25,Possession,In Progress,75.01,0,Partially Possessed,78.79,In Progress,68.2,36.82,0.2415,Medium,22.737359,75.641871
LAP-0443,Samriddhi Airport Expansion Project 443,Airport Expansion,India,Maharashtra,Nagpur,208.75,Agricultural,2846758.25,355,301,146,99.02,95.01,88.35,Rehabilitation,In Progress,86.25,1,Partially Possessed,78.26,In Progress,84.4,32.1,0.1044,Medium,21.106192,79.113845
LAP-0444,National Transmission Line Project 444,Transmission Line,India,Bihar,Gaya,180.4,Residential,3557091.3,292,372,269,63.99,100.0,53.88,Possession,In Progress,68.32,2,Partially Possessed,52.79,In Progress,73.47,47.57,0.379,Medium,24.780234,84.997865
LAP-0445,Coastal Transmission Line Project 445,Transmission Line,India,Madhya Pradesh,Bhopal,203.34,Barren,539377.5,354,405,156,65.49,55.39,74.54,Possession,In Progress,70.88,7,Partially Possessed,56.91,In Progress,55.26,69.71,0.7874,High,23.132919,77.614577
LAP-0446,Deccan Irrigation Canal Project 446,Irrigation Canal,India,Madhya Pradesh,Dhar,112.21,Residential,4720012.87,186,209,179,100.0,85.23,95.34,Possession,In Progress,60.6,4,Partially Possessed,73.33,In Progress,56.38,49.8,0.4627,Medium,22.609311,75.394623
LAP-0447,Coastal Metro Rail Project 447,Metro Rail,India,Tamil Nadu,Tiruchirappalli,53.63,Barren,1094083.72,95,103,194,77.23,100.0,98.08,Possession,In Progress,74.38,1,Partially Possessed,77.41,In Progress,70.78,43.02,0.3083,Medium,10.769512,78.603795
LAP-0448,Samriddhi Railway Corridor Project 448,Railway Corridor,India,Gujarat,Ahmedabad,376.63,Commercial,10161149.75,615,436,328,70.78,75.82,89.76,Possession,In Progress,55.02,4,Partially Possessed,47.46,In Progress,59.91,65.68,0.79,High,23.020187,72.726541
LAP-0449,Bharat Transmission Line Project 449,Transmission Line,India,Gujarat,Kutch,179.87,Industrial,4127698.17,286,267,309,79.33,43.85,62.57,Compensation,In Progress,36.28,6,Partially Possessed,40.36,In Progress,71.89,77.62,0.9241,High,23.772646,69.726217
LAP-0450,Samriddhi Logistics Park Project 450,Logistics Park,India,Madhya Pradesh,Dhar,180.27,Agricultural,1264696.85,315,196,184,74.77,76.78,81.31,Possession,In Progress,59.09,6,Partially Possessed,73.29,In Progress,52.29,67.34,0.793,High,22.632637,75.406512
LAP-0451,River Irrigation Canal Project 451,Irrigation Canal,India,Uttar Pradesh,Prayagraj,225.4,Barren,963876.56,382,441,225,75.71,92.53,100.0,Rehabilitation,In Progress,83.3,4,Partially Possessed,82.28,In Progress,74.18,40.37,0.3172,Medium,25.44337,81.692182
LAP-0452,Greenfield Airport Expansion Project 452,Airport Expansion,India,Telangana,Rangareddy,80.43,Agricultural,2111993.65,119,137,341,54.58,62.49,62.34,Compensation,In Progress,62.69,11,Not Possessed,24.07,Not Started,26.19,100.0,0.9502,High,17.411176,78.637405
LAP-0453,Coastal National Highway Project 453,National Highway,India,Tamil Nadu,Coimbatore,418.31,Agricultural,1688699.58,663,704,320,64.01,40.88,70.24,Possession,In Progress,63.04,5,Partially Possessed,53.21,In Progress,41.15,72.15,0.8202,High,10.886042,76.946699
LAP-0454,River Railway Corridor Project 454,Railway Corridor,India,Tamil Nadu,Chengalpattu,138.71,Agricultural,2286869.31,241,283,137,79.23,87.86,90.35,Rehabilitation,In Progress,83.05,0,Partially Possessed,85.1,In Progress,65.62,31.37,0.1126,Medium,12.650303,79.846683
LAP-0455,National Transmission Line Project 455,Transmission Line,India,Maharashtra,Pune,221.2,Barren,1234173.3,368,247,237,82.2,68.68,70.0,Possession,In Progress,66.01,6,Partially Possessed,64.18,In Progress,68.33,61.93,0.7892,High,18.492485,73.898293
LAP-0456,Regional Airport Expansion Project 456,Airport Expansion,India,Madhya Pradesh,Dhar,420.06,Barren,571820.85,708,561,206,72.51,70.31,85.95,Possession,In Progress,66.5,3,Partially Possessed,52.82,In Progress,62.15,59.6,0.6619,Medium,22.684773,75.34791
LAP-0457,Deccan Metro Rail Project 457,Metro Rail,India,Gujarat,Kutch,40.35,Industrial,5225784.21,63,65,182,90.75,100.0,70.55,Possession,In Progress,59.79,0,Partially Possessed,73.57,In Progress,78.4,43.32,0.2997,Medium,23.643118,70.096492
LAP-0458,Coastal Solar Park Project 458,Solar Park,India,Karnataka,Mysuru,496.43,Agricultural,1866765.9,842,749,261,69.64,44.92,77.53,Compensation,In Progress,51.1,3,Partially Possessed,44.85,In Progress,44.2,62.65,0.7395,High,12.300693,76.621682
LAP-0459,Deccan Logistics Park Project 459,Logistics Park,India,Odisha,Khordha,262.3,Residential,3932833.09,446,452,308,69.42,91.94,74.07,Possession,In Progress,63.66,4,Partially Possessed,58.05,In Progress,49.45,62.24,0.7081,High,20.288582,85.769613
LAP-0460,River Transmission Line Project 460,Transmission Line,India,Maharashtra,Nagpur,69.82,Agricultural,2638972.2,105,62,131,94.03,80.38,71.99,Rehabilitation,In Progress,86.87,1,Partially Possessed,84.78,In Progress,83.89,27.06,0.1089,Low,21.127118,79.115655
LAP-0461,Coastal Solar Park Project 461,Solar Park,India,Karnataka,Belagavi,472.23,Industrial,4917382.57,797,584,201,68.15,68.45,76.15,Possession,In Progress,75.86,6,Partially Possessed,44.14,In Progress,81.57,57.19,0.5729,Medium,15.689059,74.871173
LAP-0462,Bharat Railway Corridor Project 462,Railway Corridor,India,Bihar,Gaya,278.51,Industrial,2890659.64,432,337,220,76.18,52.7,49.5,Possession,In Progress,57.01,11,Partially Possessed,57.6,In Progress,40.62,97.46,0.9494,High,24.796489,84.852732
LAP-0463,River Industrial Corridor Project 463,Industrial Corridor,India,Bihar,Patna,63.21,Agricultural,979712.55,99,76,351,86.46,63.07,69.52,Possession,In Progress,77.13,3,Partially Possessed,70.55,In Progress,65.43,56.01,0.5974,Medium,25.634478,85.454738
LAP-0464,Frontier Logistics Park Project 464,Logistics Park,India,Gujarat,Surat,372.35,Agricultural,2020087.09,652,563,323,52.38,48.64,64.07,Compensation,In Progress,47.71,7,Partially Possessed,45.7,In Progress,39.59,88.88,0.9347,High,21.194644,72.747726
LAP-0465,Deccan Industrial Corridor Project 465,Industrial Corridor,India,Gujarat,Surat,429.72,Residential,6512789.16,737,736,286,63.83,56.28,64.48,Possession,In Progress,58.29,4,Partially Possessed,56.32,In Progress,61.79,71.14,0.8146,High,21.194608,72.938984
LAP-0466,Eastern Industrial Corridor Project 466,Industrial Corridor,India,Tamil Nadu,Tiruchirappalli,310.59,Agricultural,1635800.29,540,649,151,81.24,86.79,91.09,Rehabilitation,In Progress,75.68,4,Partially Possessed,72.1,In Progress,86.57,50.71,0.5396,Medium,10.863262,78.728145
LAP-0467,Greenfield Metro Rail Project 467,Metro Rail,India,Odisha,Khordha,173.11,Agricultural,1332662.47,295,180,197,65.35,48.97,50.69,Possession,In Progress,52.52,6,Partially Possessed,60.83,In Progress,42.01,86.26,0.9629,High,20.18248,85.624043
LAP-0468,Coastal Irrigation Canal Project 468,Irrigation Canal,India,Maharashtra,Nashik,118.04,Industrial,5023637.69,217,150,395,64.78,68.93,69.29,Possession,In Progress,64.88,4,Partially Possessed,75.92,In Progress,56.46,57.7,0.6559,Medium,20.070263,74.024343
LAP-0469,Samriddhi Irrigation Canal Project 469,Irrigation Canal,India,Gujarat,Ahmedabad,311.37,Industrial,4152823.75,539,708,229,90.48,78.14,72.27,Possession,In Progress,78.65,2,Partially Possessed,60.82,In Progress,80.75,38.06,0.2245,Medium,22.797988,72.668224
LAP-0470,Deccan Solar Park Project 470,Solar Park,India,Maharashtra,Pune,336.94,Industrial,4926188.12,537,505,252,59.08,65.9,57.8,Possession,In Progress,60.32,6,Partially Possessed,74.13,Not Started,24.58,71.38,0.8862,High,18.619277,73.909819
LAP-0471,National Railway Corridor Project 471,Railway Corridor,India,Uttar Pradesh,Gautam Buddha Nagar,161.49,Residential,5488645.63,283,228,169,98.86,94.26,85.2,Rehabilitation,In Progress,83.54,3,Partially Possessed,87.19,In Progress,90.63,35.56,0.1566,Medium,28.455452,77.421233
LAP-0472,Frontier Irrigation Canal Project 472,Irrigation Canal,India,Telangana,Rangareddy,301.74,Residential,6975876.61,507,584,303,56.98,88.67,70.3,Compensation,In Progress,43.35,5,Partially Possessed,42.64,In Progress,51.52,71.97,0.8489,High,17.425813,78.467821
LAP-0473,Regional Solar Park Project 473,Solar Park,India,Rajasthan,Jaipur,74.75,Agricultural,1084306.51,137,119,405,68.89,64.36,60.65,Possession,In Progress,52.12,5,Partially Possessed,48.27,In Progress,58.24,67.88,0.8201,High,26.773203,75.640885
LAP-0474,Eastern Logistics Park Project 474,Logistics Park,India,Odisha,Sundargarh,213.11,Agricultural,950862.04,378,251,151,93.54,71.8,70.74,Rehabilitation,Completed,95.86,0,Partially Possessed,73.52,In Progress,86.74,25.83,0.0477,Low,22.12682,83.933203
LAP-0475,Greenfield Airport Expansion Project 475,Airport Expansion,India,Odisha,Sundargarh,56.02,Agricultural,1328151.4,80,48,126,83.74,70.76,85.36,Rehabilitation,In Progress,79.55,3,Partially Possessed,85.33,In Progress,64.87,48.26,0.3905,Medium,22.327268,83.921907
LAP-0476,Deccan Airport Expansion Project 476,Airport Expansion,India,Rajasthan,Kota,315.27,Agricultural,1178871.56,535,396,174,81.15,54.95,70.49,Possession,In Progress,49.79,3,Partially Possessed,55.82,In Progress,63.11,65.33,0.7382,High,25.257119,75.831811
LAP-0477,Greenfield Solar Park Project 477,Solar Park,India,Odisha,Sundargarh,122.0,Residential,3218236.04,154,200,349,60.45,71.32,69.34,Compensation,In Progress,40.93,6,Partially Possessed,52.96,In Progress,49.83,74.98,0.8612,High,21.935959,83.978927
LAP-0478,River Logistics Park Project 478,Logistics Park,India,Karnataka,Bengaluru Urban,422.88,Agricultural,2314086.88,665,825,265,81.25,64.24,78.94,Possession,In Progress,90.05,9,Partially Possessed,56.75,In Progress,39.95,75.7,0.9368,High,12.94332,77.440368
LAP-0479,Greenfield Irrigation Canal Project 479,Irrigation Canal,India,Karnataka,Belagavi,1646.91,Agricultural,2576545.9,2825,2061,334,66.68,47.49,53.95,Compensation,In Progress,52.26,5,Partially Possessed,41.79,Not Started,32.68,77.26,0.9155,High,15.820099,74.36778
LAP-0480,Deccan Irrigation Canal Project 480,Irrigation Canal,India,Gujarat,Surat,231.18,Industrial,5239447.88,381,454,217,73.55,76.55,75.88,Possession,In Progress,51.13,9,Partially Possessed,53.15,In Progress,48.0,81.89,0.9393,High,21.208067,72.680508
LAP-0481,River Airport Expansion Project 481,Airport Expansion,India,Uttar Pradesh,Prayagraj,209.87,Agricultural,1788049.31,338,382,277,75.85,80.43,73.66,Possession,In Progress,48.58,3,Partially Possessed,53.96,In Progress,51.25,67.29,0.8018,High,25.585042,81.9731
LAP-0482,Bharat Logistics Park Project 482,Logistics Park,India,Madhya Pradesh,Bhopal,173.29,Residential,3714196.14,297,293,153,84.03,69.13,72.64,Possession,In Progress,68.49,2,Partially Possessed,65.65,In Progress,75.44,46.13,0.4178,Medium,23.228753,77.51547
LAP-0483,Frontier National Highway Project 483,National Highway,India,Madhya Pradesh,Dhar,312.18,Agricultural,1250407.97,533,344,218,80.76,55.5,71.08,Possession,In Progress,65.89,5,Partially Possessed,45.69,In Progress,62.23,64.17,0.7265,High,22.500392,74.990828
LAP-0484,River Industrial Corridor Project 484,Industrial Corridor,India,Bihar,Patna,120.14,Barren,639326.35,214,275,187,76.15,77.74,65.23,Possession,In Progress,63.15,7,Partially Possessed,65.24,In Progress,42.91,79.0,0.9463,High,25.473533,84.874788
LAP-0485,Samriddhi National Highway Project 485,National Highway,India,Karnataka,Bengaluru Urban,102.14,Agricultural,1979338.54,169,144,303,87.1,100.0,89.0,Possession,In Progress,81.72,5,Partially Possessed,73.33,In Progress,57.87,50.82,0.4899,Medium,12.933918,77.518013
LAP-0486,Frontier Industrial Corridor Project 486,Industrial Corridor,India,Madhya Pradesh,Dhar,189.68,Agricultural,1209598.06,324,192,252,79.08,73.14,93.17,Possession,In Progress,55.13,6,Partially Possessed,39.87,In Progress,61.29,76.42,0.866,High,22.814991,75.444587
LAP-0487,Bharat National Highway Project 487,National Highway,India,Uttar Pradesh,Prayagraj,308.29,Agricultural,1557916.86,575,609,401,52.43,51.25,76.68,Notification,Not Started,24.1,10,Not Possessed,25.79,Not Started,15.91,100.0,0.98,High,25.422755,82.032558
LAP-0488,Deccan Transmission Line Project 488,Transmission Line,India,Bihar,Gaya,487.1,Agricultural,1211460.02,784,462,301,65.89,48.66,61.23,Compensation,In Progress,41.94,7,Not Possessed,24.05,In Progress,38.42,89.59,0.9556,High,24.81727,84.809371
LAP-0489,Deccan Irrigation Canal Project 489,Irrigation Canal,India,Telangana,Rangareddy,102.74,Barren,884442.51,173,158,274,49.6,57.22,40.26,Compensation,In Progress,46.59,7,Not Possessed,28.38,Not Started,14.21,93.58,0.98,High,17.469299,78.494854
LAP-0490,National Airport Expansion Project 490,Airport Expansion,India,Telangana,Rangareddy,155.55,Agricultural,1832015.91,236,306,347,55.97,48.6,54.5,Compensation,In Progress,44.11,7,Partially Possessed,35.6,Not Started,26.07,98.65,0.954,High,17.291426,78.619534
LAP-0491,Samriddhi Transmission Line Project 491,Transmission Line,India,Tamil Nadu,Coimbatore,538.97,Agricultural,2063850.43,890,1107,79,78.23,81.7,84.64,Rehabilitation,In Progress,94.21,1,Possessed,100.0,In Progress,85.07,22.43,0.065,Low,11.094193,76.803208
LAP-0492,Samriddhi Airport Expansion Project 492,Airport Expansion,India,Tamil Nadu,Coimbatore,201.85,Agricultural,1827327.77,313,338,215,79.76,74.92,83.46,Possession,In Progress,58.39,1,Partially Possessed,76.69,In Progress,84.78,45.63,0.3558,Medium,10.824499,77.163714
LAP-0493,Greenfield Transmission Line Project 493,Transmission Line,India,Rajasthan,Kota,241.96,Agricultural,1528795.03,401,511,257,75.86,77.94,71.01,Possession,In Progress,82.84,2,Partially Possessed,66.51,In Progress,74.97,40.06,0.2301,Medium,25.29848,75.861415
LAP-0494,Deccan Solar Park Project 494,Solar Park,India,Maharashtra,Nashik,232.24,Residential,8706141.51,414,356,295,79.85,58.59,69.21,Possession,In Progress,58.57,5,Partially Possessed,51.98,In Progress,51.92,64.12,0.7831,High,20.174547,73.782325
LAP-0495,Eastern Metro Rail Project 495,Metro Rail,India,Uttar Pradesh,Prayagraj,15.1,Residential,5896161.46,17,12,94,96.86,100.0,77.61,Rehabilitation,In Progress,87.69,0,Possessed,100.0,Completed,100.0,24.77,0.0528,Low,25.220807,81.742478
LAP-0496,Coastal Logistics Park Project 496,Logistics Park,India,Telangana,Rangareddy,70.26,Residential,6015357.79,112,63,310,53.62,68.8,81.82,Compensation,In Progress,35.88,7,Partially Possessed,50.73,Not Started,29.79,90.03,0.98,High,17.584005,78.446278
LAP-0497,Coastal Transmission Line Project 497,Transmission Line,India,Gujarat,Kutch,123.51,Residential,5468050.51,207,275,292,65.04,83.27,73.54,Possession,In Progress,70.23,4,Partially Possessed,54.18,In Progress,79.68,53.25,0.5268,Medium,23.807017,69.695843
LAP-0498,Regional Industrial Corridor Project 498,Industrial Corridor,India,Odisha,Khordha,561.94,Industrial,2521250.19,937,752,124,83.28,86.08,94.92,Possession,In Progress,85.26,5,Partially Possessed,81.43,In Progress,57.97,54.93,0.5361,Medium,20.399937,85.946672
LAP-0499,Frontier Transmission Line Project 499,Transmission Line,India,Gujarat,Surat,241.33,Agricultural,2191943.52,465,382,117,83.57,81.26,60.05,Rehabilitation,Completed,95.52,0,Partially Possessed,76.67,In Progress,93.53,21.93,0.0729,Low,21.132843,72.829637
LAP-0500,Bharat Airport Expansion Project 500,Airport Expansion,India,Maharashtra,Nashik,135.64,Agricultural,2170058.84,233,137,129,95.91,78.03,92.3,Rehabilitation,Completed,100.0,0,Partially Possessed,75.91,In Progress,75.13,27.67,0.0775,Low,20.139422,73.631589
LAP-0501,Bharat Irrigation Canal Project 501,Irrigation Canal,India,Uttar Pradesh,Lucknow,254.63,Barren,1006583.52,430,444,180,51.3,41.4,47.15,Compensation,In Progress,54.49,7,Partially Possessed,50.56,In Progress,38.88,82.94,0.9509,High,26.689467,80.937528
LAP-0502,Regional Transmission Line Project 502,Transmission Line,India,Uttar Pradesh,Gautam Buddha Nagar,177.33,Commercial,6298963.84,305,298,49,79.02,78.21,85.38,Possession,In Progress,81.39,3,Partially Possessed,69.58,In Progress,72.39,40.72,0.2216,Medium,28.445004,77.61997
LAP-0503,National Industrial Corridor Project 503,Industrial Corridor,India,Rajasthan,Kota,203.34,Agricultural,1384750.86,333,267,306,59.55,50.87,46.8,Compensation,In Progress,43.53,6,Not Possessed,34.85,Not Started,34.86,94.08,0.9601,High,25.389373,75.838998
LAP-0504,Eastern National Highway Project 504,National Highway,India,Rajasthan,Kota,325.78,Agricultural,1304929.9,531,364,243,72.7,66.67,75.1,Possession,In Progress,60.67,4,Partially Possessed,67.59,In Progress,74.97,56.04,0.5813,Medium,25.242229,75.795229
LAP-0505,Greenfield Industrial Corridor Project 505,Industrial Corridor,India,Maharashtra,Nagpur,325.33,Agricultural,2510617.98,547,604,180,86.37,100.0,93.16,Rehabilitation,In Progress,84.59,2,Partially Possessed,89.6,In Progress,83.56,36.76,0.1752,Medium,21.092576,79.402966
LAP-0506,National Irrigation Canal Project 506,Irrigation Canal,India,Gujarat,Surat,224.2,Agricultural,1922173.12,377,339,324,56.25,65.1,52.13,Compensation,In Progress,49.78,4,Not Possessed,28.37,Not Started,24.38,77.4,0.9747,High,20.943323,72.90042
LAP-0507,Frontier Industrial Corridor Project 507,Industrial Corridor,India,Madhya Pradesh,Dhar,778.54,Commercial,6189512.61,1311,1050,136,80.36,80.35,65.92,Rehabilitation,In Progress,61.98,1,Possessed,95.96,In Progress,68.97,45.72,0.3006,Medium,22.539614,75.500828
LAP-0508,River Metro Rail Project 508,Metro Rail,India,Uttar Pradesh,Prayagraj,569.94,Agricultural,1481324.99,1006,649,77,91.05,96.37,100.0,Rehabilitation,In Progress,88.44,2,Possessed,95.22,In Progress,81.38,35.4,0.1546,Medium,25.536738,81.939103
LAP-0509,Greenfield Logistics Park Project 509,Logistics Park,India,Odisha,Khordha,271.68,Agricultural,1060570.06,451,259,289,63.49,62.72,55.82,Possession,In Progress,41.58,8,Partially Possessed,69.58,In Progress,61.37,84.62,0.9083,High,20.164854,85.742334
LAP-0510,Samriddhi Logistics Park Project 510,Logistics Park,India,Bihar,Gaya,171.42,Barren,615149.49,288,359,174,74.68,61.28,72.18,Possession,In Progress,61.71,6,Partially Possessed,58.68,In Progress,50.65,71.1,0.8738,High,24.760838,85.042934
LAP-0511,Deccan Metro Rail Project 511,Metro Rail,India,Rajasthan,Udaipur,338.46,Agricultural,1412644.73,600,806,54,84.5,66.97,74.18,Rehabilitation,In Progress,81.37,1,Partially Possessed,78.72,In Progress,88.21,40.11,0.2129,Medium,24.673714,73.537815
LAP-0512,Samriddhi Airport Expansion Project 512,Airport Expansion,India,Uttar Pradesh,Lucknow,652.62,Barren,923268.56,1109,1434,289,54.03,64.57,60.48,Possession,In Progress,62.91,7,Partially Possessed,52.4,In Progress,59.67,81.83,0.9322,High,27.029975,80.944559
LAP-0513,Deccan Metro Rail Project 513,Metro Rail,India,Madhya Pradesh,Dhar,118.35,Industrial,2932243.4,193,206,289,62.43,42.83,46.39,Compensation,Not Started,30.31,6,Partially Possessed,41.23,In Progress,56.78,95.19,0.98,High,22.782592,75.383403
LAP-0514,River Airport Expansion Project 514,Airport Expansion,India,Uttar Pradesh,Gautam Buddha Nagar,82.09,Barren,720355.99,137,179,147,84.75,100.0,100.0,Completed,Completed,100.0,0,Partially Possessed,89.71,Completed,100.0,19.69,0.0986,Low,28.299225,77.30881
LAP-0515,River Irrigation Canal Project 515,Irrigation Canal,India,Madhya Pradesh,Bhopal,238.39,Agricultural,1126373.32,390,500,35,100.0,99.05,91.07,Rehabilitation,In Progress,84.46,4,Partially Possessed,93.54,In Progress,82.03,32.39,0.1558,Medium,23.066794,77.388358
LAP-0516,Greenfield Industrial Corridor Project 516,Industrial Corridor,India,Karnataka,Mysuru,342.48,Industrial,4578417.19,625,509,239,93.47,80.08,75.08,Possession,In Progress,68.62,3,Partially Possessed,66.24,In Progress,83.9,51.83,0.5563,Medium,12.379745,76.567573
LAP-0517,Frontier Logistics Park Project 517,Logistics Park,India,Telangana,Nalgonda,664.84,Agricultural,1684940.55,1088,1113,251,75.22,99.89,90.57,Possession,In Progress,67.62,4,Partially Possessed,59.32,In Progress,75.54,52.66,0.504,Medium,17.127629,79.336544
LAP-0518,National Transmission Line Project 518,Transmission Line,India,Bihar,Muzaffarpur,205.3,Agricultural,1006734.99,325,325,357,66.36,71.79,45.02,Compensation,In Progress,35.36,6,Partially Possessed,54.16,In Progress,44.98,81.73,0.9483,High,26.190914,85.395305
LAP-0519,Frontier Solar Park Project 519,Solar Park,India,Madhya Pradesh,Dhar,175.3,Commercial,6175079.2,288,214,113,83.69,61.75,96.78,Possession,In Progress,66.75,3,Partially Possessed,77.83,In Progress,66.98,42.6,0.3066,Medium,22.676735,75.382847
LAP-0520,River Industrial Corridor Project 520,Industrial Corridor,India,Odisha,Kalahandi,347.7,Residential,3261254.1,608,625,197,75.83,67.57,64.24,Possession,In Progress,68.11,3,Partially Possessed,53.09,In Progress,60.12,61.99,0.683,High,19.969607,83.033658
LAP-0521,Coastal Airport Expansion Project 521,Airport Expansion,India,Rajasthan,Udaipur,76.16,Agricultural,1257817.04,118,121,48,94.09,65.36,66.82,Rehabilitation,In Progress,77.5,5,Partially Possessed,93.07,In Progress,76.29,53.2,0.5529,Medium,24.82537,73.508375
LAP-0522,Samriddhi National Highway Project 522,National Highway,India,Gujarat,Surat,50.42,Residential,5260878.2,90,77,123,57.1,50.17,74.98,Possession,In Progress,49.92,8,Partially Possessed,38.89,In Progress,62.78,83.1,0.9664,High,21.080787,72.715569
LAP-0523,Greenfield Transmission Line Project 523,Transmission Line,India,Bihar,Gaya,232.23,Industrial,2267084.28,377,500,93,100.0,64.04,95.33,Rehabilitation,In Progress,88.15,3,Partially Possessed,88.43,In Progress,85.58,31.97,0.14,Medium,24.744561,84.898078
LAP-0524,Samriddhi Irrigation Canal Project 524,Irrigation Canal,India,Telangana,Nalgonda,602.04,Agricultural,1840104.07,970,604,169,100.0,83.37,83.28,Rehabilitation,In Progress,87.12,3,Partially Possessed,71.11,In Progress,72.12,36.42,0.178,Medium,17.005813,79.39997
LAP-0525,Regional Railway Corridor Project 525,Railway Corridor,India,Odisha,Kalahandi,213.29,Industrial,2280362.22,364,283,199,62.31,77.08,61.15,Compensation,In Progress,35.48,4,Partially Possessed,51.27,In Progress,42.11,76.17,0.9253,High,20.034035,83.107607
LAP-0526,Regional Metro Rail Project 526,Metro Rail,India,Madhya Pradesh,Bhopal,356.27,Industrial,3132268.73,649,801,206,84.77,98.52,66.06,Rehabilitation,Completed,95.72,1,Partially Possessed,76.27,In Progress,83.33,36.4,0.251,Medium,23.317598,77.286277
LAP-0527,Greenfield Railway Corridor Project 527,Railway Corridor,India,Maharashtra,Nagpur,619.18,Agricultural,2478651.03,1072,784,203,83.11,76.32,86.26,Rehabilitation,In Progress,93.96,0,Partially Possessed,93.79,Completed,100.0,21.86,0.1009,Low,21.104428,79.076257
LAP-0528,Eastern National Highway Project 528,National Highway,India,Odisha,Sundargarh,422.52,Industrial,2385159.46,707,462,293,85.34,79.56,87.19,Possession,In Progress,54.04,0,Partially Possessed,66.21,In Progress,65.51,41.82,0.292,Medium,22.140412,83.99576
LAP-0529,Coastal Logistics Park Project 529,Logistics Park,India,Rajasthan,Udaipur,210.5,Residential,4608431.8,346,313,255,76.52,63.69,75.7,Possession,In Progress,60.87,7,Partially Possessed,57.11,In Progress,58.1,74.08,0.8882,High,24.723283,73.805241
LAP-0530,Bharat Industrial Corridor Project 530,Industrial Corridor,India,Gujarat,Kutch,975.94,Agricultural,1807529.06,1676,1980,383,64.77,35.71,51.02,Compensation,In Progress,53.45,6,Partially Possessed,49.81,In Progress,37.96,89.49,0.9524,High,23.876709,69.906676
LAP-0531,River Railway Corridor Project 531,Railway Corridor,India,Telangana,Warangal,199.68,Agricultural,1931180.92,371,492,206,81.32,86.44,100.0,Rehabilitation,In Progress,81.01,2,Partially Possessed,76.88,In Progress,76.36,38.59,0.2719,Medium,17.988334,79.569966
LAP-0532,River Transmission Line Project 532,Transmission Line,India,Madhya Pradesh,Indore,38.29,Agricultural,1358019.9,67,71,157,81.8,79.6,94.88,Rehabilitation,In Progress,72.74,7,Partially Possessed,76.47,In Progress,76.85,56.52,0.6061,Medium,22.729898,75.863861
LAP-0533,Frontier Irrigation Canal Project 533,Irrigation Canal,India,Bihar,Patna,48.33,Industrial,2644132.22,79,89,148,76.67,71.1,90.95,Possession,In Progress,47.5,4,Partially Possessed,62.47,In Progress,41.05,62.15,0.6774,High,25.583844,85.233754
LAP-0534,Regional Solar Park Project 534,Solar Park,India,Bihar,Gaya,120.94,Agricultural,1227641.34,198,168,263,78.77,38.33,42.33,Compensation,In Progress,42.83,7,Partially Possessed,43.83,Not Started,31.44,85.33,0.9299,High,24.797155,85.150011
LAP-0535,Regional National Highway Project 535,National Highway,India,Bihar,Patna,170.86,Industrial,2030435.12,311,330,165,67.38,69.19,98.24,Rehabilitation,In Progress,77.74,3,Partially Possessed,85.45,In Progress,83.77,40.5,0.2626,Medium,25.55069,84.958901
LAP-0536,National Transmission Line Project 536,Transmission Line,India,Uttar Pradesh,Prayagraj,325.28,Residential,6121610.98,551,436,291,72.59,63.91,73.77,Possession,In Progress,60.19,2,Partially Possessed,57.0,In Progress,62.44,52.4,0.5207,Medium,25.302582,81.945659
LAP-0537,Deccan Logistics Park Project 537,Logistics Park,India,Telangana,Warangal,231.93,Commercial,7976864.13,404,261,215,56.53,33.53,75.89,Possession,In Progress,58.91,5,Partially Possessed,58.08,In Progress,56.46,71.73,0.8507,High,17.954175,79.47087
LAP-0538,Frontier Industrial Corridor Project 538,Industrial Corridor,India,Karnataka,Belagavi,123.34,Commercial,8339358.64,220,122,161,80.08,98.07,93.24,Possession,In Progress,54.63,2,Partially Possessed,80.02,In Progress,74.56,49.56,0.4484,Medium,15.827015,74.37928
LAP-0539,National Irrigation Canal Project 539,Irrigation Canal,India,Gujarat,Kutch,166.82,Agricultural,1870321.24,260,280,277,90.07,82.84,69.62,Rehabilitation,In Progress,74.04,1,Partially Possessed,70.33,In Progress,93.0,32.21,0.1445,Medium,23.650882,69.845159
LAP-0540,Greenfield Solar Park Project 540,Solar Park,India,Rajasthan,Udaipur,52.36,Agricultural,1503372.45,95,112,133,83.85,86.66,81.02,Rehabilitation,In Progress,90.09,0,Partially Possessed,90.18,In Progress,84.35,18.24,0.0261,Low,24.477197,73.600053
LAP-0541,Regional National Highway Project 541,National Highway,India,Madhya Pradesh,Indore,357.76,Agricultural,1186227.17,568,584,179,83.65,69.07,84.07,Rehabilitation,In Progress,71.65,4,Partially Possessed,92.2,In Progress,66.02,47.98,0.4437,Medium,22.972325,75.810206
LAP-0542,River National Highway Project 542,National Highway,India,Telangana,Rangareddy,623.39,Residential,5735936.56,1078,687,435,45.23,25.76,44.0,Compensation,In Progress,36.5,5,Partially Possessed,36.02,Not Started,24.9,92.45,0.9752,High,17.35892,78.398036
LAP-0543,Samriddhi Transmission Line Project 543,Transmission Line,India,Maharashtra,Pune,64.22,Agricultural,2640828.3,106,127,161,68.12,73.46,70.41,Rehabilitation,In Progress,82.64,2,Partially Possessed,79.08,Completed,100.0,33.82,0.0874,Medium,18.362082,73.881856
LAP-0544,Deccan Irrigation Canal Project 544,Irrigation Canal,India,Odisha,Sundargarh,156.77,Agricultural,1126362.71,282,273,317,66.44,58.06,71.14,Compensation,Not Started,32.28,3,Not Possessed,30.03,Not Started,32.3,75.02,0.9108,High,22.119325,83.897767
LAP-0545,Eastern Irrigation Canal Project 545,Irrigation Canal,India,Tamil Nadu,Coimbatore,114.09,Agricultural,2104974.67,181,230,343,70.94,67.14,70.14,Possession,In Progress,74.61,4,Partially Possessed,52.88,In Progress,42.39,59.8,0.673,Medium,10.973927,76.799281
LAP-0546,Samriddhi Solar Park Project 546,Solar Park,India,Odisha,Khordha,848.69,Commercial,5091840.88,1423,1885,72,97.86,71.49,100.0,Rehabilitation,In Progress,88.33,2,Partially Possessed,75.26,In Progress,82.5,26.66,0.1085,Low,20.054062,85.896333
LAP-0547,River Transmission Line Project 547,Transmission Line,India,Tamil Nadu,Tiruchirappalli,280.38,Agricultural,2095591.68,461,262,72,77.21,71.83,84.6,Rehabilitation,In Progress,77.03,3,Partially Possessed,66.84,Completed,100.0,38.26,0.228,Medium,10.620452,78.650956
LAP-0548,National Industrial Corridor Project 548,Industrial Corridor,India,Maharashtra,Pune,47.13,Agricultural,2563399.87,68,73,309,79.86,52.63,77.38,Possession,In Progress,61.02,9,Partially Possessed,49.5,In Progress,66.54,87.2,0.98,High,18.569893,73.817264
LAP-0549,National Airport Expansion Project 549,Airport Expansion,India,Tamil Nadu,Tiruchirappalli,89.93,Agricultural,2383046.61,142,86,260,69.11,46.8,74.42,Possession,In Progress,40.3,3,Partially Possessed,62.68,In Progress,56.09,71.08,0.8141,High,10.536892,78.769116
LAP-0550,Bharat Airport Expansion Project 550,Airport Expansion,India,Telangana,Nalgonda,147.79,Commercial,10634153.12,248,189,186,83.65,72.87,80.88,Possession,In Progress,75.08,1,Partially Possessed,59.1,In Progress,56.76,48.26,0.3866,Medium,16.92904,79.249249
LAP-0551,Samriddhi Industrial Corridor Project 551,Industrial Corridor,India,Madhya Pradesh,Dhar,75.74,Agricultural,1112135.26,139,101,354,74.71,39.07,73.84,Possession,In Progress,57.82,5,Partially Possessed,59.04,In Progress,54.03,76.43,0.9113,High,22.662434,75.228945
LAP-0552,Coastal Industrial Corridor Project 552,Industrial Corridor,India,Bihar,Patna,682.61,Agricultural,1170039.34,1203,1214,115,98.96,85.87,96.37,Possession,In Progress,72.38,0,Partially Possessed,68.14,In Progress,70.62,37.47,0.1848,Medium,25.540782,85.026025
LAP-0553,Eastern Solar Park Project 553,Solar Park,India,Rajasthan,Jaipur,40.33,Agricultural,1118289.56,76,73,166,97.9,77.17,95.91,Possession,In Progress,71.24,4,Partially Possessed,80.44,In Progress,62.39,43.18,0.3275,Medium,27.05443,75.883856
LAP-0554,Samriddhi National Highway Project 554,National Highway,India,Karnataka,Mysuru,87.21,Industrial,5254372.5,150,119,234,69.07,73.2,100.0,Rehabilitation,In Progress,75.47,3,Partially Possessed,64.4,In Progress,88.52,43.43,0.2374,Medium,12.28543,76.952465
LAP-0555,Bharat Railway Corridor Project 555,Railway Corridor,India,Telangana,Nalgonda,403.72,Residential,5888654.9,688,742,310,77.49,41.09,65.94,Compensation,In Progress,48.77,8,Partially Possessed,37.25,In Progress,46.71,90.91,0.98,High,16.930589,79.316997
LAP-0556,Bharat Railway Corridor Project 556,Railway Corridor,India,Karnataka,Bengaluru Urban,35.03,Residential,6234429.35,62,82,274,79.07,65.55,67.28,Compensation,In Progress,42.72,3,Partially Possessed,49.37,In Progress,50.59,68.33,0.8132,High,13.107686,77.46036
LAP-0557,National Logistics Park Project 557,Logistics Park,India,Tamil Nadu,Tiruchirappalli,111.35,Agricultural,2387636.29,181,112,145,81.59,86.0,84.49,Possession,In Progress,60.34,1,Partially Possessed,83.01,In Progress,79.68,39.08,0.2405,Medium,10.87062,78.674591
LAP-0558,Samriddhi Irrigation Canal Project 558,Irrigation Canal,India,Gujarat,Ahmedabad,122.25,Agricultural,1791823.04,199,132,347,54.9,49.53,60.4,Compensation,In Progress,46.69,5,Partially Possessed,39.41,Not Started,21.85,82.07,0.9133,High,23.009726,72.568434
LAP-0559,Coastal Transmission Line Project 559,Transmission Line,India,Uttar Pradesh,Gautam Buddha Nagar,881.95,Barren,893055.55,1539,857,194,77.57,67.17,84.49,Rehabilitation,In Progress,74.07,1,Partially Possessed,73.42,In Progress,90.36,34.0,0.1207,Medium,28.502711,77.442712
LAP-0560,Greenfield Solar Park Project 560,Solar Park,India,Odisha,Khordha,111.29,Commercial,4421799.49,202,193,234,84.28,52.89,83.77,Possession,In Progress,65.82,5,Partially Possessed,49.22,In Progress,46.18,61.71,0.6974,High,20.203762,85.727696
LAP-0561,River Transmission Line Project 561,Transmission Line,India,Odisha,Sundargarh,198.18,Agricultural,1300655.43,384,298,181,65.07,52.68,56.15,Possession,In Progress,62.14,2,Partially Possessed,55.47,In Progress,59.04,54.84,0.5788,Medium,21.9636,83.961807
LAP-0562,Coastal National Highway Project 562,National Highway,India,Madhya Pradesh,Dhar,104.4,Agricultural,1253597.02,196,224,187,70.74,75.57,92.05,Possession,In Progress,67.38,3,Partially Possessed,62.61,In Progress,63.22,50.7,0.4404,Medium,22.591036,75.239575
LAP-0563,Greenfield National Highway Project 563,National Highway,India,Uttar Pradesh,Prayagraj,72.13,Agricultural,1585331.68,134,129,390,53.18,50.05,48.0,Possession,In Progress,53.19,5,Partially Possessed,55.99,In Progress,43.53,77.08,0.8944,High,25.523253,81.873313
LAP-0564,Deccan Metro Rail Project 564,Metro Rail,India,Telangana,Warangal,99.69,Agricultural,2261735.88,173,170,309,77.59,71.7,85.96,Possession,In Progress,66.64,4,Partially Possessed,59.54,In Progress,64.96,65.16,0.7619,High,17.996893,79.648019
LAP-0565,Bharat Airport Expansion Project 565,Airport Expansion,India,Tamil Nadu,Tiruchirappalli,403.93,Agricultural,2081083.69,696,813,264,62.82,59.68,73.6,Possession,In Progress,57.09,3,Not Possessed,33.42,In Progress,61.32,69.08,0.7896,High,10.87393,78.727203
LAP-0566,National Metro Rail Project 566,Metro Rail,India,Bihar,Muzaffarpur,148.89,Agricultural,1026652.82,234,297,198,72.42,58.58,100.0,Possession,In Progress,68.83,6,Partially Possessed,79.78,In Progress,59.01,69.72,0.8497,High,26.164534,85.470424
LAP-0567,Samriddhi Logistics Park Project 567,Logistics Park,India,Odisha,Kalahandi,397.59,Agricultural,915503.79,716,681,217,87.76,69.53,89.86,Possession,In Progress,75.63,2,Partially Possessed,47.83,In Progress,64.2,47.61,0.3558,Medium,19.968698,83.01783
LAP-0568,Greenfield Transmission Line Project 568,Transmission Line,India,Tamil Nadu,Chengalpattu,252.04,Industrial,4724251.93,476,401,204,61.96,96.8,59.47,Possession,In Progress,40.21,4,Partially Possessed,58.5,In Progress,64.06,63.95,0.7435,High,12.532144,80.160173
LAP-0569,Coastal Irrigation Canal Project 569,Irrigation Canal,India,Bihar,Muzaffarpur,150.97,Agricultural,919055.72,256,327,236,69.66,63.56,58.65,Possession,In Progress,57.18,4,Partially Possessed,54.21,In Progress,56.03,62.55,0.7306,High,26.219276,85.443692
LAP-0570,River Airport Expansion Project 570,Airport Expansion,India,Rajasthan,Kota,22.29,Agricultural,1028344.04,43,38,158,93.57,97.06,90.1,Rehabilitation,In Progress,77.68,1,Partially Possessed,80.63,In Progress,70.42,37.36,0.1746,Medium,25.329049,75.868128
LAP-0571,Samriddhi Airport Expansion Project 571,Airport Expansion,India,Gujarat,Ahmedabad,127.7,Agricultural,1828216.71,209,213,155,77.12,84.53,95.07,Rehabilitation,In Progress,64.96,3,Possessed,95.36,In Progress,89.32,45.49,0.3258,Medium,23.032357,72.641344
LAP-0572,River Transmission Line Project 572,Transmission Line,India,Odisha,Kalahandi,213.05,Agricultural,1155495.32,350,210,260,85.35,100.0,100.0,Possession,In Progress,78.46,0,Partially Possessed,63.7,In Progress,58.68,31.97,0.1485,Medium,19.954841,83.07481
LAP-0573,Frontier Logistics Park Project 573,Logistics Park,India,Karnataka,Bengaluru Urban,205.93,Agricultural,2193017.55,375,487,207,78.65,85.71,74.48,Possession,In Progress,64.58,2,Partially Possessed,55.81,In Progress,87.16,46.04,0.3389,Medium,13.163622,77.863463
LAP-0574,Greenfield National Highway Project 574,National Highway,India,Telangana,Rangareddy,344.99,Agricultural,1861384.49,597,407,354,61.4,44.19,77.61,Compensation,In Progress,51.38,4,Partially Possessed,37.35,In Progress,50.11,72.26,0.8524,High,17.438599,78.476321
LAP-0575,Deccan Transmission Line Project 575,Transmission Line,India,Telangana,Nalgonda,236.61,Residential,5700698.43,392,287,303,66.56,34.62,78.05,Compensation,In Progress,35.93,8,Partially Possessed,47.72,In Progress,50.15,89.28,0.9544,High,17.079455,79.51548
LAP-0576,Deccan Airport Expansion Project 576,Airport Expansion,India,Rajasthan,Kota,245.34,Agricultural,1287719.86,397,469,254,69.8,66.28,74.39,Possession,In Progress,51.54,6,Partially Possessed,73.11,In Progress,54.82,75.9,0.8755,High,25.231968,75.891712
LAP-0577,Samriddhi Airport Expansion Project 577,Airport Expansion,India,Madhya Pradesh,Bhopal,132.28,Agricultural,1004312.58,227,214,88,100.0,92.9,100.0,Rehabilitation,Completed,99.46,2,Partially Possessed,86.58,In Progress,94.34,27.37,0.0748,Low,23.375259,77.474755
LAP-0578,Regional National Highway Project 578,National Highway,India,Telangana,Nalgonda,128.96,Agricultural,2007220.09,207,267,212,61.75,69.85,71.4,Rehabilitation,In Progress,80.36,5,Partially Possessed,86.51,In Progress,76.02,51.8,0.4857,Medium,17.103909,79.249464
LAP-0579,Samriddhi Solar Park Project 579,Solar Park,India,Gujarat,Kutch,211.18,Barren,1090428.43,349,332,171,91.07,94.77,77.12,Rehabilitation,In Progress,83.02,1,Partially Possessed,79.41,In Progress,68.77,27.91,0.0802,Low,23.956396,69.855992
LAP-0580,Samriddhi Metro Rail Project 580,Metro Rail,India,Tamil Nadu,Coimbatore,186.8,Agricultural,1684967.0,325,321,99,74.98,78.76,94.88,Rehabilitation,In Progress,86.18,0,Partially Possessed,89.67,In Progress,78.65,33.82,0.1753,Medium,10.910561,76.699032
LAP-0581,Regional Solar Park Project 581,Solar Park,India,Karnataka,Mysuru,271.53,Agricultural,2490629.85,475,314,190,93.07,81.31,91.38,Rehabilitation,Completed,100.0,0,Partially Possessed,88.18,Completed,96.04,12.56,0.02,Low,12.357528,76.726103
LAP-0582,National Railway Corridor Project 582,Railway Corridor,India,Madhya Pradesh,Bhopal,111.92,Agricultural,1422749.16,180,217,169,92.42,99.28,100.0,Rehabilitation,Completed,100.0,0,Partially Possessed,68.93,In Progress,63.16,26.25,0.0846,Low,23.158758,77.272539
LAP-0583,Bharat Industrial Corridor Project 583,Industrial Corridor,India,Uttar Pradesh,Gautam Buddha Nagar,217.57,Agricultural,1626314.79,367,356,218,87.37,76.85,74.22,Rehabilitation,In Progress,68.91,5,Partially Possessed,78.99,In Progress,83.81,58.27,0.6167,Medium,28.738578,77.338356
LAP-0584,Bharat Irrigation Canal Project 584,Irrigation Canal,India,Tamil Nadu,Chengalpattu,214.31,Agricultural,2265471.41,350,469,339,67.9,68.58,79.58,Possession,In Progress,77.84,4,Partially Possessed,54.89,In Progress,84.01,50.04,0.3726,Medium,12.898055,79.937071
LAP-0585,Regional Railway Corridor Project 585,Railway Corridor,India,Rajasthan,Udaipur,1054.8,Residential,4346529.1,1776,1804,245,62.34,45.85,69.11,Possession,In Progress,40.87,3,Partially Possessed,41.96,In Progress,75.16,68.5,0.8311,High,24.890444,73.54187
LAP-0586,Frontier Metro Rail Project 586,Metro Rail,India,Odisha,Kalahandi,98.08,Agricultural,1026071.4,143,116,200,100.0,68.51,95.22,Rehabilitation,In Progress,83.23,1,Possessed,96.66,Completed,95.94,33.32,0.1221,Medium,19.935198,83.115778
LAP-0587,National Metro Rail Project 587,Metro Rail,India,Gujarat,Ahmedabad,105.7,Agricultural,2169603.38,175,176,117,91.38,100.0,100.0,Rehabilitation,Completed,99.16,1,Partially Possessed,73.84,In Progress,83.44,31.24,0.1086,Medium,22.974965,72.322066
LAP-0588,Samriddhi Solar Park Project 588,Solar Park,India,Telangana,Nalgonda,227.46,Agricultural,1992117.23,343,419,165,89.86,79.68,71.07,Possession,In Progress,79.12,0,Partially Possessed,72.81,In Progress,60.43,29.77,0.1107,Low,17.045539,79.215899
LAP-0589,Eastern Industrial Corridor Project 589,Industrial Corridor,India,Odisha,Kalahandi,153.08,Agricultural,1315529.99,271,272,180,75.01,65.88,63.57,Compensation,In Progress,46.96,4,Partially Possessed,45.66,In Progress,53.76,74.58,0.8891,High,19.70898,83.160359
LAP-0590,Deccan Industrial Corridor Project 590,Industrial Corridor,India,Bihar,Muzaffarpur,170.48,Agricultural,890355.57,286,205,302,68.92,45.07,72.05,Compensation,In Progress,43.19,10,Partially Possessed,49.31,In Progress,55.72,100.0,0.9666,High,26.153041,85.602229
LAP-0591,Greenfield National Highway Project 591,National Highway,India,Telangana,Warangal,313.06,Industrial,3671111.02,536,468,101,87.0,95.68,98.55,Rehabilitation,In Progress,85.87,1,Partially Possessed,85.04,In Progress,94.44,23.28,0.02,Low,17.968497,79.80855
LAP-0592,Bharat Solar Park Project 592,Solar Park,India,Madhya Pradesh,Dhar,96.87,Barren,552518.6,195,179,272,70.02,89.98,90.84,Possession,In Progress,63.27,1,Partially Possessed,49.34,In Progress,89.2,37.12,0.1842,Medium,22.472201,75.291593
LAP-0593,Deccan Airport Expansion Project 593,Airport Expansion,India,Gujarat,Ahmedabad,360.58,Agricultural,2236982.71,615,365,139,88.99,85.71,70.38,Rehabilitation,In Progress,68.74,1,Partially Possessed,76.78,In Progress,81.67,41.4,0.2674,Medium,23.165599,72.775327
LAP-0594,Bharat Solar Park Project 594,Solar Park,India,Gujarat,Kutch,233.76,Commercial,8026350.8,411,548,189,78.14,54.37,47.01,Possession,In Progress,68.76,4,Partially Possessed,68.8,In Progress,62.81,53.96,0.5695,Medium,23.544746,69.908731
LAP-0595,Frontier Irrigation Canal Project 595,Irrigation Canal,India,Gujarat,Kutch,588.58,Agricultural,1598983.84,1015,926,166,100.0,79.07,87.79,Rehabilitation,In Progress,88.23,1,Possessed,97.6,In Progress,94.33,20.29,0.0454,Low,23.613933,69.660765
LAP-0596,Bharat Transmission Line Project 596,Transmission Line,India,Tamil Nadu,Chengalpattu,86.6,Industrial,4264794.29,135,131,197,72.74,64.32,66.52,Compensation,Not Started,28.86,3,Partially Possessed,53.51,In Progress,59.83,66.2,0.7632,High,12.627251,80.185524
LAP-0597,River Logistics Park Project 597,Logistics Park,India,Odisha,Khordha,160.03,Barren,560873.66,257,142,262,60.84,66.54,69.21,Compensation,In Progress,44.37,5,Partially Possessed,47.05,In Progress,47.19,77.07,0.9499,High,20.125132,85.820355
LAP-0598,River National Highway Project 598,National Highway,India,Tamil Nadu,Chengalpattu,436.01,Barren,1078294.09,729,733,385,61.48,43.09,75.14,Compensation,Not Started,29.99,6,Partially Possessed,43.77,In Progress,57.99,84.42,0.98,High,12.855747,79.804241
LAP-0599,Coastal National Highway Project 599,National Highway,India,Uttar Pradesh,Prayagraj,221.64,Barren,821802.81,379,330,211,100.0,71.72,93.12,Rehabilitation,In Progress,82.08,0,Partially Possessed,78.9,In Progress,94.47,23.8,0.1111,Low,25.390073,81.880735
LAP-0600,Frontier Solar Park Project 600,Solar Park,India,Maharashtra,Pune,511.71,Agricultural,2426471.01,865,851,209,85.79,84.5,68.67,Possession,In Progress,74.51,0,Partially Possessed,71.45,In Progress,66.87,30.78,0.1293,Medium,18.481214,73.851889
LAP-0601,Bharat Railway Corridor Project 601,Railway Corridor,India,Madhya Pradesh,Indore,159.05,Residential,3442767.65,283,183,222,70.1,78.17,83.98,Possession,In Progress,67.25,3,Partially Possessed,71.86,In Progress,66.97,52.48,0.5085,Medium,22.765077,75.694436
LAP-0602,Eastern Irrigation Canal Project 602,Irrigation Canal,India,Telangana,Warangal,461.42,Agricultural,1887910.12,722,722,124,81.81,100.0,59.42,Rehabilitation,In Progress,94.46,3,Partially Possessed,75.4,In Progress,68.56,36.21,0.2019,Medium,17.986921,79.608776
LAP-0603,Coastal Industrial Corridor Project 603,Industrial Corridor,India,Gujarat,Surat,96.56,Residential,5852385.4,182,135,151,88.12,80.9,88.6,Possession,In Progress,82.74,3,Partially Possessed,66.94,In Progress,74.2,47.89,0.4432,Medium,20.948009,72.93828
LAP-0604,National Solar Park Project 604,Solar Park,India,Gujarat,Ahmedabad,122.98,Commercial,8710594.62,230,271,224,93.73,75.66,85.11,Rehabilitation,In Progress,85.44,2,Partially Possessed,74.43,In Progress,79.41,31.03,0.1395,Medium,23.035316,72.623033
LAP-0605,Eastern Industrial Corridor Project 605,Industrial Corridor,India,Maharashtra,Pune,352.46,Commercial,13513639.63,607,421,141,84.24,83.85,57.38,Possession,In Progress,70.56,10,Partially Possessed,72.35,In Progress,72.42,80.23,0.9101,High,18.544254,73.695003
LAP-0606,Greenfield Industrial Corridor Project 606,Industrial Corridor,India,Gujarat,Surat,30.1,Agricultural,1605516.43,53,44,175,97.4,52.53,55.73,Possession,In Progress,75.32,2,Partially Possessed,73.19,In Progress,73.49,49.91,0.434,Medium,21.072909,72.812927
LAP-0607,Coastal Logistics Park Project 607,Logistics Park,India,Uttar Pradesh,Lucknow,119.68,Industrial,3130368.69,177,152,277,85.51,71.75,47.89,Rehabilitation,In Progress,68.8,5,Partially Possessed,71.55,In Progress,86.34,57.3,0.6225,Medium,26.908434,81.095285
LAP-0608,Greenfield Irrigation Canal Project 608,Irrigation Canal,India,Telangana,Nalgonda,312.84,Agricultural,1703038.29,506,480,225,75.14,60.33,75.92,Possession,In Progress,73.2,2,Partially Possessed,57.38,In Progress,62.9,46.56,0.4055,Medium,16.986149,79.225817
LAP-0609,Eastern Logistics Park Project 609,Logistics Park,India,Odisha,Sundargarh,64.78,Agricultural,1185545.06,105,108,228,80.26,81.95,94.76,Rehabilitation,In Progress,85.29,2,Partially Possessed,73.86,In Progress,92.34,34.88,0.1405,Medium,22.040776,83.948892
LAP-0610,River Railway Corridor Project 610,Railway Corridor,India,Telangana,Warangal,241.1,Industrial,4520703.1,383,473,187,76.85,87.64,90.7,Rehabilitation,In Progress,87.76,1,Partially Possessed,81.28,In Progress,62.77,35.63,0.1736,Medium,18.058236,79.641499
LAP-0611,River Airport Expansion Project 611,Airport Expansion,India,Odisha,Khordha,453.64,Agricultural,963170.16,791,527,280,81.45,60.85,80.56,Compensation,In Progress,57.64,5,Partially Possessed,41.94,Not Started,29.46,78.74,0.9046,High,20.379355,85.859194
LAP-0612,Bharat National Highway Project 612,National Highway,India,Telangana,Warangal,209.75,Industrial,5382342.78,336,352,131,79.61,76.16,100.0,Possession,In Progress,66.84,3,Partially Possessed,69.15,In Progress,57.07,48.83,0.424,Medium,18.092884,79.437355
LAP-0613,Frontier National Highway Project 613,National Highway,India,Maharashtra,Nashik,101.92,Agricultural,2739279.66,170,115,99,91.69,79.29,84.89,Rehabilitation,In Progress,78.7,3,Partially Possessed,89.77,In Progress,83.01,36.53,0.1899,Medium,20.049643,73.762613
LAP-0614,National Irrigation Canal Project 614,Irrigation Canal,India,Madhya Pradesh,Bhopal,264.81,Commercial,5534079.82,448,580,264,52.75,52.63,64.74,Compensation,Not Started,34.12,2,Not Possessed,34.46,In Progress,56.18,67.44,0.7937,High,23.38573,77.226841
LAP-0615,Frontier Railway Corridor Project 615,Railway Corridor,India,Odisha,Khordha,251.1,Agricultural,1207365.94,427,315,306,55.66,39.04,68.52,Compensation,In Progress,38.93,5,Partially Possessed,37.92,Not Started,29.81,87.91,0.978,High,20.173511,85.854435
LAP-0616,National Airport Expansion Project 616,Airport Expansion,India,Telangana,Warangal,97.02,Agricultural,1637354.71,170,125,112,99.68,100.0,87.9,Rehabilitation,In Progress,68.28,2,Partially Possessed,84.49,In Progress,89.84,38.5,0.2472,Medium,18.018447,79.824982
LAP-0617,Samriddhi Metro Rail Project 617,Metro Rail,India,Odisha,Sundargarh,122.63,Barren,500269.1,232,270,143,90.33,85.35,78.58,Rehabilitation,In Progress,77.95,2,Partially Possessed,73.41,In Progress,85.02,44.58,0.3079,Medium,22.216196,83.931563
LAP-0618,Deccan Irrigation Canal Project 618,Irrigation Canal,India,Tamil Nadu,Tiruchirappalli,182.93,Agricultural,1891857.17,291,305,112,83.24,79.23,59.9,Possession,In Progress,84.74,2,Partially Possessed,70.82,In Progress,54.63,40.22,0.2521,Medium,10.729491,78.497728
LAP-0619,Coastal Metro Rail Project 619,Metro Rail,India,Tamil Nadu,Chengalpattu,314.75,Residential,7482418.37,546,374,286,55.6,64.88,84.83,Possession,In Progress,64.43,6,Partially Possessed,37.37,In Progress,49.81,82.52,0.9506,High,12.701748,79.827561
LAP-0620,Samriddhi Solar Park Project 620,Solar Park,India,Maharashtra,Nashik,199.34,Industrial,5980783.45,325,182,94,84.45,90.58,89.62,Possession,In Progress,69.87,1,Partially Possessed,77.49,In Progress,69.52,31.34,0.1343,Medium,19.893367,73.864312
LAP-0621,Coastal Solar Park Project 621,Solar Park,India,Karnataka,Belagavi,99.89,Agricultural,2569585.63,172,167,89,87.02,67.49,96.57,Rehabilitation,In Progress,75.97,1,Partially Possessed,79.97,In Progress,74.61,29.35,0.1349,Low,15.743417,74.609187
LAP-0622,Regional Solar Park Project 622,Solar Park,India,Telangana,Rangareddy,79.52,Residential,6453412.98,134,91,323,47.86,78.32,68.4,Possession,In Progress,50.95,7,Partially Possessed,52.63,In Progress,49.03,76.55,0.8987,High,17.225214,78.34366
LAP-0623,Coastal Transmission Line Project 623,Transmission Line,India,Madhya Pradesh,Dhar,313.06,Residential,4386467.54,516,583,272,57.97,56.57,75.0,Possession,In Progress,66.72,4,Partially Possessed,49.1,In Progress,63.55,61.0,0.7267,High,22.571094,75.051364
LAP-0624,Regional Airport Expansion Project 624,Airport Expansion,India,Telangana,Rangareddy,251.66,Barren,1140992.4,461,603,171,100.0,87.14,90.58,Possession,In Progress,59.5,2,Partially Possessed,62.81,In Progress,74.11,48.87,0.4061,Medium,17.195902,78.498638
LAP-0625,Regional Irrigation Canal Project 625,Irrigation Canal,India,Madhya Pradesh,Indore,301.95,Agricultural,1212000.12,477,268,221,78.93,71.67,83.24,Possession,In Progress,72.25,6,Partially Possessed,54.84,In Progress,63.53,60.25,0.6737,High,22.638764,76.119843
LAP-0626,River Airport Expansion Project 626,Airport Expansion,India,Telangana,Rangareddy,235.79,Agricultural,1668456.01,424,388,318,74.66,56.67,66.39,Compensation,In Progress,35.88,8,Partially Possessed,59.57,Not Started,23.95,97.71,0.9495,High,17.316748,78.612925
LAP-0627,Frontier Logistics Park Project 627,Logistics Park,India,Madhya Pradesh,Indore,121.68,Commercial,6491489.82,195,185,255,93.93,97.69,88.16,Rehabilitation,In Progress,79.85,3,Partially Possessed,74.31,In Progress,87.03,39.14,0.2091,Medium,22.718076,75.994687
LAP-0628,Bharat Metro Rail Project 628,Metro Rail,India,Uttar Pradesh,Lucknow,653.49,Industrial,3158517.52,1107,662,66,100.0,90.68,98.64,Rehabilitation,In Progress,86.52,1,Partially Possessed,75.2,In Progress,88.87,33.29,0.163,Medium,26.614506,81.007224
LAP-0629,Bharat Logistics Park Project 629,Logistics Park,India,Maharashtra,Nagpur,110.18,Agricultural,2650182.99,210,135,294,68.64,53.93,67.67,Possession,In Progress,53.72,5,Partially Possessed,48.64,In Progress,65.61,71.24,0.8306,High,21.090383,78.992962
LAP-0630,Samriddhi Transmission Line Project 630,Transmission Line,India,Telangana,Rangareddy,259.53,Commercial,9496778.29,452,351,91,100.0,81.67,90.48,Rehabilitation,In Progress,91.8,1,Partially Possessed,90.29,In Progress,83.98,22.08,0.0946,Low,17.475972,78.514657
LAP-0631,River National Highway Project 631,National Highway,India,Tamil Nadu,Coimbatore,135.89,Agricultural,1630915.68,265,179,242,85.18,91.46,74.44,Possession,In Progress,53.62,5,Partially Possessed,66.7,Completed,95.08,54.71,0.6156,Medium,11.144605,76.863994
LAP-0632,Regional Industrial Corridor Project 632,Industrial Corridor,India,Bihar,Muzaffarpur,286.07,Agricultural,1248929.82,487,323,215,73.76,69.49,78.18,Possession,In Progress,63.07,2,Partially Possessed,68.95,In Progress,69.04,54.75,0.4942,Medium,25.845587,85.456048
LAP-0633,Regional Transmission Line Project 633,Transmission Line,India,Tamil Nadu,Coimbatore,57.19,Agricultural,1808589.9,99,120,186,99.26,73.73,100.0,Rehabilitation,In Progress,88.29,3,Partially Possessed,81.43,Completed,96.44,30.68,0.156,Medium,11.103969,76.789914
LAP-0634,Greenfield Railway Corridor Project 634,Railway Corridor,India,Tamil Nadu,Tiruchirappalli,435.1,Residential,5819101.22,725,856,273,94.42,79.79,85.73,Possession,In Progress,66.6,0,Partially Possessed,77.4,In Progress,72.0,37.03,0.1327,Medium,10.939069,78.623461
LAP-0635,Samriddhi Logistics Park Project 635,Logistics Park,India,Bihar,Muzaffarpur,56.77,Agricultural,955566.93,110,107,104,83.38,92.96,83.91,Rehabilitation,In Progress,84.67,1,Possessed,98.71,Completed,100.0,24.38,0.0387,Low,26.140968,85.301259
LAP-0636,Regional Irrigation Canal Project 636,Irrigation Canal,India,Karnataka,Mysuru,451.44,Barren,1143808.27,773,1020,312,68.64,62.2,73.34,Possession,In Progress,57.23,3,Partially Possessed,56.67,In Progress,56.05,58.19,0.5978,Medium,12.185098,76.79859
LAP-0637,Bharat Industrial Corridor Project 637,Industrial Corridor,India,Maharashtra,Pune,145.29,Residential,9432579.51,217,143,239,74.97,73.01,62.96,Rehabilitation,In Progress,80.04,7,Partially Possessed,72.94,In Progress,93.42,64.43,0.7599,High,18.498934,74.038081
LAP-0638,Greenfield National Highway Project 638,National Highway,India,Telangana,Nalgonda,55.51,Commercial,8889633.28,102,83,210,83.55,87.19,74.24,Possession,In Progress,69.53,2,Partially Possessed,76.27,In Progress,63.92,43.28,0.3353,Medium,17.096898,79.4533
LAP-0639,Eastern Transmission Line Project 639,Transmission Line,India,Maharashtra,Nagpur,127.73,Industrial,5741976.48,250,309,251,72.33,55.65,88.7,Possession,In Progress,76.11,1,Partially Possessed,59.5,In Progress,65.33,42.08,0.2664,Medium,21.028876,78.940435
LAP-0640,Bharat Solar Park Project 640,Solar Park,India,Madhya Pradesh,Bhopal,400.19,Agricultural,1242812.62,658,657,277,65.86,67.17,97.35,Possession,In Progress,66.3,4,Partially Possessed,60.12,In Progress,49.67,55.55,0.61,Medium,23.044335,77.448772
LAP-0641,Regional National Highway Project 641,National Highway,India,Bihar,Gaya,46.64,Residential,2958153.56,67,40,248,85.76,74.42,79.92,Possession,In Progress,59.74,4,Partially Possessed,66.18,In Progress,82.43,52.65,0.5012,Medium,24.920992,84.94233
LAP-0642,Samriddhi Transmission Line Project 642,Transmission Line,India,Bihar,Muzaffarpur,44.6,Barren,485112.31,89,118,188,81.95,80.16,70.67,Possession,In Progress,76.54,2,Partially Possessed,56.65,In Progress,71.85,42.49,0.2361,Medium,25.988398,85.43158
LAP-0643,National Solar Park Project 643,Solar Park,India,Maharashtra,Pune,63.01,Agricultural,2665968.03,124,80,140,92.07,63.65,61.71,Possession,In Progress,92.23,2,Partially Possessed,47.86,In Progress,76.25,35.87,0.1783,Medium,18.421806,73.794766
LAP-0644,Coastal Industrial Corridor Project 644,Industrial Corridor,India,Madhya Pradesh,Bhopal,172.55,Agricultural,1046435.09,275,249,382,71.7,61.42,79.93,Possession,In Progress,54.61,5,Partially Possessed,48.05,In Progress,56.41,76.7,0.9391,High,23.314554,77.267769
LAP-0645,National Irrigation Canal Project 645,Irrigation Canal,India,Madhya Pradesh,Indore,278.59,Residential,3221618.53,517,375,123,84.82,70.34,74.32,Possession,In Progress,76.56,8,Partially Possessed,66.26,In Progress,68.3,63.14,0.7222,High,22.869559,75.88636
LAP-0646,Bharat National Highway Project 646,National Highway,India,Gujarat,Kutch,163.2,Industrial,4044019.11,279,352,89,68.4,66.44,85.58,Rehabilitation,In Progress,71.52,5,Partially Possessed,76.45,In Progress,90.03,50.51,0.4484,Medium,23.611111,69.860186
LAP-0647,Deccan Solar Park Project 647,Solar Park,India,Rajasthan,Jaipur,348.57,Barren,782740.5,597,759,227,68.84,89.05,59.35,Possession,In Progress,39.32,5,Partially Possessed,50.77,In Progress,60.34,67.06,0.8519,High,26.964772,75.782302
LAP-0648,Coastal Irrigation Canal Project 648,Irrigation Canal,India,Uttar Pradesh,Prayagraj,453.23,Industrial,3777046.61,725,911,157,98.79,87.75,70.29,Completed,Completed,100.0,0,Partially Possessed,88.52,Completed,100.0,13.9,0.0397,Low,25.4422,81.903128
LAP-0649,Regional National Highway Project 649,National Highway,India,Karnataka,Mysuru,236.91,Agricultural,1822665.55,409,491,207,80.53,72.44,70.27,Possession,In Progress,52.39,3,Partially Possessed,83.35,In Progress,44.92,56.72,0.5889,Medium,12.211647,76.635909
LAP-0650,Samriddhi Transmission Line Project 650,Transmission Line,India,Rajasthan,Udaipur,356.95,Agricultural,1141148.8,610,562,292,52.66,41.43,56.37,Compensation,In Progress,43.12,10,Partially Possessed,40.97,Not Started,20.77,100.0,0.98,High,24.798016,73.57293
LAP-0651,Samriddhi Railway Corridor Project 651,Railway Corridor,India,Tamil Nadu,Chengalpattu,265.71,Residential,7851578.03,463,333,209,81.36,71.96,87.01,Possession,In Progress,60.67,4,Partially Possessed,66.22,In Progress,89.73,53.72,0.557,Medium,12.874613,80.05685
LAP-0652,Samriddhi Industrial Corridor Project 652,Industrial Corridor,India,Karnataka,Belagavi,701.45,Residential,7651555.46,1168,1257,212,72.46,89.03,96.83,Possession,In Progress,47.18,5,Partially Possessed,68.84,In Progress,63.27,68.89,0.8467,High,15.890766,74.751667
LAP-0653,Greenfield Industrial Corridor Project 653,Industrial Corridor,India,Uttar Pradesh,Prayagraj,196.98,Agricultural,1449018.29,294,396,140,96.52,100.0,94.87,Rehabilitation,In Progress,79.77,4,Partially Possessed,93.66,In Progress,91.13,42.1,0.2885,Medium,25.44569,81.940116
LAP-0654,Greenfield National Highway Project 654,National Highway,India,Odisha,Kalahandi,346.22,Commercial,6299806.49,577,487,194,82.39,40.83,63.7,Possession,In Progress,61.88,1,Partially Possessed,69.65,In Progress,60.92,48.32,0.4347,Medium,19.939742,83.111264
LAP-0655,Coastal Solar Park Project 655,Solar Park,India,Madhya Pradesh,Dhar,121.33,Residential,4487946.55,212,282,177,79.89,91.0,57.05,Possession,In Progress,85.07,1,Partially Possessed,62.81,In Progress,72.88,32.24,0.1779,Medium,22.632583,75.41498
LAP-0656,Bharat Industrial Corridor Project 656,Industrial Corridor,India,Odisha,Khordha,94.26,Agricultural,1193871.53,161,88,201,67.19,79.78,74.72,Rehabilitation,In Progress,68.06,1,Partially Possessed,61.96,Completed,96.13,45.28,0.3693,Medium,20.56427,85.616613
LAP-0657,Regional Logistics Park Project 657,Logistics Park,India,Uttar Pradesh,Prayagraj,82.83,Barren,712832.05,122,125,155,62.47,74.91,78.55,Possession,In Progress,66.42,2,Partially Possessed,65.26,In Progress,65.14,50.16,0.4874,Medium,25.44146,81.935014
LAP-0658,Eastern Industrial Corridor Project 658,Industrial Corridor,India,Maharashtra,Pune,242.29,Residential,7371152.17,421,300,170,85.97,88.33,82.47,Possession,In Progress,68.45,1,Partially Possessed,72.54,In Progress,62.87,46.14,0.4299,Medium,18.470937,74.005787
LAP-0659,Coastal Transmission Line Project 659,Transmission Line,India,Maharashtra,Nashik,261.85,Agricultural,2611955.95,482,496,353,56.05,49.4,60.69,Compensation,Not Started,17.38,8,Partially Possessed,50.67,In Progress,47.55,96.62,0.98,High,19.830134,73.909989
LAP-0660,Deccan Solar Park Project 660,Solar Park,India,Madhya Pradesh,Dhar,205.39,Agricultural,1069104.59,320,261,248,49.67,51.89,77.44,Compensation,In Progress,44.0,7,Not Possessed,27.98,In Progress,50.41,82.78,0.9502,High,22.684336,75.532925
LAP-0661,Bharat National Highway Project 661,National Highway,India,Maharashtra,Nagpur,123.58,Commercial,11799326.33,219,249,95,65.14,100.0,100.0,Rehabilitation,Completed,99.12,1,Partially Possessed,64.86,In Progress,87.64,25.47,0.0999,Low,21.297088,78.959512
LAP-0662,Regional Industrial Corridor Project 662,Industrial Corridor,India,Odisha,Sundargarh,255.44,Agricultural,1216244.17,473,574,287,75.21,90.13,98.19,Possession,In Progress,78.93,3,Partially Possessed,72.64,In Progress,64.23,51.25,0.4809,Medium,22.238074,83.923017
LAP-0663,Coastal National Highway Project 663,National Highway,India,Madhya Pradesh,Dhar,397.5,Industrial,3103628.37,692,648,284,69.55,55.5,63.99,Possession,In Progress,72.64,3,Partially Possessed,76.1,In Progress,58.03,53.24,0.5266,Medium,22.558275,75.177133
LAP-0664,Frontier Metro Rail Project 664,Metro Rail,India,Madhya Pradesh,Indore,419.5,Agricultural,1239590.15,736,839,360,52.21,39.56,56.44,Compensation,In Progress,49.42,8,Partially Possessed,42.23,In Progress,52.16,99.11,0.98,High,22.728097,75.892299
LAP-0665,Regional Railway Corridor Project 665,Railway Corridor,India,Madhya Pradesh,Dhar,222.7,Agricultural,1061333.05,433,380,104,66.34,68.84,85.54,Possession,In Progress,55.77,2,Partially Possessed,78.5,In Progress,62.21,51.98,0.5567,Medium,22.568317,75.218703
LAP-0666,Greenfield National Highway Project 666,National Highway,India,Odisha,Khordha,184.56,Barren,515066.18,307,346,94,100.0,87.02,100.0,Rehabilitation,In Progress,85.05,2,Possessed,100.0,In Progress,79.82,27.03,0.117,Low,20.401126,85.759101
LAP-0667,Frontier Solar Park Project 667,Solar Park,India,Rajasthan,Udaipur,489.95,Residential,3442392.32,831,483,251,84.37,65.18,88.0,Rehabilitation,In Progress,78.77,4,Partially Possessed,78.58,In Progress,74.82,42.89,0.2817,Medium,24.585404,73.853953
LAP-0668,Greenfield Solar Park Project 668,Solar Park,India,Odisha,Khordha,192.24,Agricultural,1012617.7,335,444,351,64.7,77.69,66.07,Possession,In Progress,58.55,2,Partially Possessed,61.01,In Progress,51.35,52.24,0.5448,Medium,20.315035,85.914213
LAP-0669,Samriddhi Irrigation Canal Project 669,Irrigation Canal,India,Bihar,Patna,97.54,Agricultural,1111023.51,172,184,182,91.68,87.78,100.0,Rehabilitation,In Progress,79.76,1,Partially Possessed,69.47,Completed,96.25,26.0,0.101,Low,25.784343,85.669742
LAP-0670,Eastern Industrial Corridor Project 670,Industrial Corridor,India,Uttar Pradesh,Lucknow,530.92,Barren,912575.01,913,949,398,61.01,40.51,66.96,Compensation,In Progress,40.82,3,Partially Possessed,50.01,In Progress,44.84,79.4,0.9316,High,26.671499,80.871996
LAP-0671,Deccan Solar Park Project 671,Solar Park,India,Tamil Nadu,Chengalpattu,406.51,Agricultural,1921401.09,668,801,241,74.24,64.23,83.5,Compensation,In Progress,61.02,10,Partially Possessed,35.88,In Progress,50.88,83.43,0.8662,High,12.614632,79.801034
LAP-0672,Regional Railway Corridor Project 672,Railway Corridor,India,Maharashtra,Pune,74.77,Residential,9793111.05,140,174,128,76.56,90.24,78.35,Possession,In Progress,59.0,3,Partially Possessed,60.65,In Progress,72.05,53.38,0.4825,Medium,18.592379,73.767836
LAP-0673,Coastal Solar Park Project 673,Solar Park,India,Odisha,Khordha,49.99,Barren,506914.01,85,64,149,69.9,70.36,64.84,Possession,In Progress,71.97,2,Partially Possessed,57.36,In Progress,62.39,44.83,0.3176,Medium,20.247438,85.762582
LAP-0674,Samriddhi Irrigation Canal Project 674,Irrigation Canal,India,Tamil Nadu,Tiruchirappalli,256.18,Residential,6774727.06,439,276,278,81.05,65.54,93.98,Possession,In Progress,74.19,6,Partially Possessed,74.96,In Progress,63.54,56.67,0.6258,Medium,10.875623,78.755778
LAP-0675,Coastal National Highway Project 675,National Highway,India,Telangana,Rangareddy,136.59,Agricultural,2185632.3,229,159,317,53.24,56.65,55.61,Compensation,In Progress,36.76,8,Partially Possessed,45.61,In Progress,41.79,93.36,0.98,High,17.491829,78.62832
LAP-0676,Greenfield Transmission Line Project 676,Transmission Line,India,Tamil Nadu,Coimbatore,71.11,Residential,6567701.37,120,87,175,88.11,74.99,90.02,Rehabilitation,In Progress,78.4,3,Partially Possessed,82.64,In Progress,73.98,39.54,0.265,Medium,10.905344,77.053074
LAP-0677,Greenfield Transmission Line Project 677,Transmission Line,India,Bihar,Gaya,187.75,Residential,2901172.61,309,365,104,90.19,80.64,99.51,Rehabilitation,Completed,95.34,0,Possessed,96.27,In Progress,82.39,17.2,0.0385,Low,24.659295,84.905797
LAP-0678,Deccan Solar Park Project 678,Solar Park,India,Rajasthan,Kota,74.2,Residential,4320937.9,135,180,273,87.09,68.24,68.2,Compensation,In Progress,46.8,5,Partially Possessed,43.63,In Progress,51.6,67.16,0.8371,High,25.134376,76.000834
LAP-0679,Eastern Solar Park Project 679,Solar Park,India,Telangana,Nalgonda,207.49,Agricultural,1688994.31,374,319,140,71.01,41.07,95.55,Possession,In Progress,72.05,5,Partially Possessed,66.63,In Progress,42.42,58.58,0.638,Medium,17.137258,79.246033
LAP-0680,Greenfield Logistics Park Project 680,Logistics Park,India,Odisha,Khordha,65.37,Agricultural,1051419.17,112,119,216,82.77,85.3,85.49,Rehabilitation,In Progress,80.15,0,Partially Possessed,85.22,In Progress,90.26,27.56,0.1197,Low,20.270619,85.842436
LAP-0681,Regional Railway Corridor Project 681,Railway Corridor,India,Odisha,Kalahandi,228.72,Industrial,2643379.45,397,361,151,85.9,60.93,91.75,Rehabilitation,In Progress,76.18,3,Partially Possessed,74.29,In Progress,83.62,44.75,0.358,Medium,19.960201,83.129246
LAP-0682,National Industrial Corridor Project 682,Industrial Corridor,India,Madhya Pradesh,Dhar,655.61,Commercial,5395450.58,1148,828,193,77.1,83.27,77.96,Rehabilitation,In Progress,75.21,3,Partially Possessed,66.17,In Progress,89.58,49.61,0.4808,Medium,22.538737,75.374534
LAP-0683,Coastal Solar Park Project 683,Solar Park,India,Bihar,Gaya,443.13,Agricultural,1018156.47,739,796,344,64.2,84.01,76.36,Possession,In Progress,49.78,4,Partially Possessed,50.77,In Progress,75.48,58.02,0.6998,Medium,24.691808,85.079835
LAP-0684,Deccan Irrigation Canal Project 684,Irrigation Canal,India,Telangana,Rangareddy,159.24,Agricultural,2178362.15,245,191,230,70.66,77.26,69.38,Possession,In Progress,57.33,2,Partially Possessed,54.81,In Progress,66.17,50.63,0.4744,Medium,17.554433,78.586471
LAP-0685,Bharat Railway Corridor Project 685,Railway Corridor,India,Tamil Nadu,Tiruchirappalli,37.75,Agricultural,2216523.41,62,54,390,80.97,44.27,70.39,Compensation,In Progress,41.02,12,Not Possessed,31.09,In Progress,55.02,100.0,0.98,High,10.662619,78.786357
LAP-0686,National Solar Park Project 686,Solar Park,India,Karnataka,Bengaluru Urban,366.32,Agricultural,2238172.3,623,454,245,62.57,85.92,69.01,Possession,In Progress,62.62,3,Partially Possessed,47.49,In Progress,57.73,53.84,0.5297,Medium,13.054912,77.623527
LAP-0687,Deccan Airport Expansion Project 687,Airport Expansion,India,Gujarat,Kutch,101.36,Agricultural,1856805.94,152,202,220,82.42,68.18,64.49,Rehabilitation,In Progress,77.55,6,Partially Possessed,82.09,Completed,95.61,57.89,0.6101,Medium,23.783771,69.78161
LAP-0688,Samriddhi Solar Park Project 688,Solar Park,India,Odisha,Sundargarh,233.12,Industrial,2631197.6,396,391,180,100.0,72.83,96.97,Rehabilitation,In Progress,82.53,3,Partially Possessed,71.27,Completed,95.92,31.22,0.1164,Medium,22.2576,84.042488
LAP-0689,Deccan Industrial Corridor Project 689,Industrial Corridor,India,Bihar,Gaya,92.16,Agricultural,1254007.59,169,146,111,79.16,78.8,70.6,Rehabilitation,In Progress,85.2,1,Partially Possessed,83.75,In Progress,87.59,36.7,0.1767,Medium,24.750569,84.624109
LAP-0690,Deccan National Highway Project 690,National Highway,India,Gujarat,Kutch,417.02,Industrial,3779492.81,694,488,270,45.65,40.61,39.66,Notification,Not Started,21.6,12,Not Possessed,15.78,Not Started,31.64,100.0,0.9297,High,23.420404,69.781892
LAP-0691,River National Highway Project 691,National Highway,India,Madhya Pradesh,Indore,205.89,Agricultural,1215081.8,356,460,290,85.76,91.31,82.52,Rehabilitation,Completed,95.12,1,Partially Possessed,82.91,In Progress,66.21,29.89,0.1287,Low,22.619095,75.923309
LAP-0692,National Metro Rail Project 692,Metro Rail,India,Tamil Nadu,Coimbatore,196.26,Industrial,5318888.28,315,391,291,53.34,62.03,55.7,Compensation,In Progress,45.42,8,Partially Possessed,45.37,In Progress,50.19,97.44,0.9717,High,10.967705,76.963811
LAP-0693,Coastal Transmission Line Project 693,Transmission Line,India,Telangana,Nalgonda,62.48,Commercial,7893473.51,101,86,319,59.44,66.83,59.94,Possession,In Progress,57.64,8,Partially Possessed,44.95,In Progress,59.17,80.97,0.9188,High,17.26765,79.236938
LAP-0694,Greenfield Solar Park Project 694,Solar Park,India,Rajasthan,Udaipur,96.5,Agricultural,1279106.17,163,104,150,83.52,80.96,90.61,Rehabilitation,In Progress,86.82,1,Partially Possessed,78.8,In Progress,62.78,28.78,0.0809,Low,24.749319,73.94789
LAP-0695,Bharat National Highway Project 695,National Highway,India,Gujarat,Kutch,685.11,Agricultural,2230775.19,1126,1012,166,77.27,68.66,73.43,Rehabilitation,In Progress,78.02,3,Partially Possessed,88.7,In Progress,92.51,39.22,0.2548,Medium,23.846767,70.031527
LAP-0696,National National Highway Project 696,National Highway,India,Maharashtra,Nagpur,298.92,Commercial,13749476.88,495,446,184,56.75,76.75,65.88,Possession,In Progress,50.66,5,Partially Possessed,63.86,In Progress,51.39,68.88,0.8056,High,21.06646,79.10529
LAP-0697,Coastal Railway Corridor Project 697,Railway Corridor,India,Karnataka,Belagavi,168.24,Agricultural,1863721.65,296,330,330,54.34,58.18,58.76,Compensation,In Progress,52.27,9,Partially Possessed,61.99,Not Started,27.2,95.44,0.98,High,15.899512,74.345023
LAP-0698,Deccan Metro Rail Project 698,Metro Rail,India,Tamil Nadu,Chengalpattu,68.86,Barren,1088560.15,128,103,117,91.77,75.05,78.32,Possession,In Progress,88.42,3,Partially Possessed,69.89,In Progress,62.31,50.61,0.4443,Medium,12.740916,79.843664
LAP-0699,Frontier National Highway Project 699,National Highway,India,Tamil Nadu,Tiruchirappalli,616.63,Barren,1060668.01,1019,1046,270,90.5,74.36,61.53,Possession,In Progress,47.25,2,Partially Possessed,69.12,In Progress,72.54,51.4,0.4684,Medium,10.861925,78.743723
LAP-0700,Regional Irrigation Canal Project 700,Irrigation Canal,India,Uttar Pradesh,Prayagraj,38.23,Agricultural,1760308.25,81,51,165,84.04,87.38,76.48,Rehabilitation,Completed,98.76,1,Possessed,99.89,In Progress,84.06,20.64,0.0932,Low,25.459585,81.994496
LAP-0701,Samriddhi Railway Corridor Project 701,Railway Corridor,India,Madhya Pradesh,Indore,287.36,Commercial,4653976.91,514,592,279,70.39,68.04,77.92,Possession,In Progress,55.55,4,Partially Possessed,44.45,In Progress,52.75,68.53,0.8292,High,22.578894,76.073536
LAP-0702,Deccan Railway Corridor Project 702,Railway Corridor,India,Karnataka,Bengaluru Urban,179.01,Agricultural,2183624.22,299,277,282,80.58,50.56,56.96,Compensation,In Progress,47.24,10,Partially Possessed,36.7,In Progress,41.83,99.23,0.9206,High,12.963464,77.580002
LAP-0703,Deccan Irrigation Canal Project 703,Irrigation Canal,India,Rajasthan,Jaipur,591.91,Agricultural,1499694.99,959,669,232,75.77,85.53,80.89,Possession,In Progress,76.89,4,Partially Possessed,64.79,In Progress,67.73,48.36,0.4597,Medium,26.872432,75.631718
LAP-0704,Coastal Logistics Park Project 704,Logistics Park,India,Uttar Pradesh,Gautam Buddha Nagar,37.35,Residential,5612604.68,66,63,57,95.66,96.4,94.3,Rehabilitation,In Progress,88.52,2,Partially Possessed,84.61,In Progress,84.35,29.15,0.0802,Low,28.438042,77.516464
LAP-0705,Bharat Railway Corridor Project 705,Railway Corridor,India,Maharashtra,Nagpur,301.35,Agricultural,2861446.31,456,372,187,60.94,63.55,54.58,Possession,In Progress,37.51,10,Partially Possessed,60.88,In Progress,53.45,96.54,0.98,High,21.075521,79.094365
LAP-0706,Greenfield Metro Rail Project 706,Metro Rail,India,Odisha,Khordha,219.12,Agricultural,1344120.39,388,413,205,66.21,66.29,84.0,Possession,In Progress,43.6,6,Partially Possessed,48.48,In Progress,65.48,82.09,0.9612,High,20.369748,85.818379
LAP-0707,Coastal Solar Park Project 707,Solar Park,India,Uttar Pradesh,Gautam Buddha Nagar,566.05,Agricultural,1781597.6,1009,1237,191,77.06,85.52,90.15,Possession,In Progress,85.3,4,Partially Possessed,66.83,In Progress,62.93,43.15,0.3055,Medium,28.408771,77.324948
LAP-0708,River Railway Corridor Project 708,Railway Corridor,India,Uttar Pradesh,Prayagraj,447.75,Residential,5540839.23,769,654,257,77.68,68.7,57.0,Possession,In Progress,74.89,3,Partially Possessed,72.12,In Progress,52.36,55.45,0.5581,Medium,25.358829,81.937133
LAP-0709,Deccan Airport Expansion Project 709,Airport Expansion,India,Tamil Nadu,Tiruchirappalli,3517.81,Agricultural,2409935.79,5944,7706,283,76.02,58.78,77.56,Possession,In Progress,47.38,7,Partially Possessed,52.04,In Progress,53.32,84.42,0.9513,High,11.11613,78.447675
LAP-0710,Bharat Industrial Corridor Project 710,Industrial Corridor,India,Bihar,Gaya,259.67,Barren,604979.56,463,510,249,88.52,77.31,80.11,Rehabilitation,In Progress,82.31,1,Partially Possessed,73.22,In Progress,72.6,41.71,0.2897,Medium,24.840291,85.028366
LAP-0711,Regional Industrial Corridor Project 711,Industrial Corridor,India,Odisha,Kalahandi,508.88,Agricultural,1269566.79,826,1079,320,66.07,52.98,85.47,Possession,In Progress,54.66,4,Partially Possessed,42.37,In Progress,55.11,74.3,0.8738,High,19.972874,83.395802
LAP-0712,Bharat Irrigation Canal Project 712,Irrigation Canal,India,Uttar Pradesh,Lucknow,61.98,Agricultural,1706245.09,102,67,203,68.07,57.18,81.72,Possession,In Progress,45.48,2,Partially Possessed,53.61,In Progress,57.41,56.87,0.5226,Medium,26.751951,81.088633
LAP-0713,Samriddhi Industrial Corridor Project 713,Industrial Corridor,India,Uttar Pradesh,Gautam Buddha Nagar,64.13,Agricultural,1568382.46,99,64,38,88.9,88.77,71.87,Possession,In Progress,69.62,1,Partially Possessed,76.12,In Progress,57.51,45.43,0.385,Medium,28.584485,77.345614
LAP-0714,Deccan Transmission Line Project 714,Transmission Line,India,Rajasthan,Jaipur,51.42,Residential,5040610.89,65,61,235,75.7,71.12,75.94,Possession,In Progress,72.6,1,Partially Possessed,75.05,In Progress,60.18,40.88,0.3111,Medium,27.02166,75.936887
LAP-0715,Eastern Logistics Park Project 715,Logistics Park,India,Tamil Nadu,Chengalpattu,157.91,Agricultural,1831273.92,256,226,340,74.39,80.44,50.95,Possession,In Progress,69.62,2,Partially Possessed,53.11,Not Started,28.67,60.2,0.6909,High,12.569277,79.831415
LAP-0716,Regional Irrigation Canal Project 716,Irrigation Canal,India,Telangana,Rangareddy,111.85,Barren,1166522.03,214,243,243,63.18,58.18,75.84,Possession,In Progress,73.86,1,Partially Possessed,64.08,In Progress,67.06,42.46,0.2713,Medium,17.369134,78.471436
LAP-0717,Deccan Irrigation Canal Project 717,Irrigation Canal,India,Gujarat,Surat,96.49,Barren,986803.83,131,168,250,75.68,88.85,68.24,Possession,In Progress,55.39,3,Partially Possessed,69.58,In Progress,79.95,48.87,0.442,Medium,21.282748,72.692145
LAP-0718,Regional Metro Rail Project 718,Metro Rail,India,Maharashtra,Pune,511.67,Agricultural,1998655.43,899,590,395,41.5,39.89,58.53,Compensation,In Progress,35.21,4,Partially Possessed,39.19,Not Started,5.54,98.82,0.98,High,18.53487,73.893009
LAP-0719,Greenfield Airport Expansion Project 719,Airport Expansion,India,Odisha,Kalahandi,25.03,Agricultural,1219676.86,43,30,166,76.73,62.63,100.0,Rehabilitation,In Progress,68.35,2,Partially Possessed,84.42,In Progress,77.5,46.29,0.4009,Medium,19.848135,83.163477
LAP-0720,Samriddhi Railway Corridor Project 720,Railway Corridor,India,Tamil Nadu,Coimbatore,279.78,Agricultural,1784188.52,481,590,341,48.46,39.54,50.49,Compensation,Not Started,27.73,12,Not Possessed,34.66,In Progress,53.74,100.0,0.9571,High,11.003097,76.977596
LAP-0721,Frontier Airport Expansion Project 721,Airport Expansion,India,Madhya Pradesh,Bhopal,81.3,Agricultural,1129970.08,140,164,241,96.15,100.0,79.15,Rehabilitation,Completed,96.87,2,Partially Possessed,86.77,In Progress,91.06,31.72,0.1034,Medium,23.345714,77.402265
LAP-0722,Greenfield Industrial Corridor Project 722,Industrial Corridor,India,Gujarat,Kutch,103.85,Barren,1166599.66,211,283,130,100.0,76.65,74.65,Rehabilitation,In Progress,89.21,0,Possessed,97.33,In Progress,74.59,29.89,0.0931,Low,23.452799,69.923929
LAP-0723,National Transmission Line Project 723,Transmission Line,India,Odisha,Kalahandi,269.58,Residential,3535277.39,464,606,228,71.84,55.63,70.52,Possession,In Progress,57.8,6,Partially Possessed,52.68,In Progress,70.46,67.9,0.8639,High,19.66782,83.169759
LAP-0724,Bharat Railway Corridor Project 724,Railway Corridor,India,Uttar Pradesh,Gautam Buddha Nagar,286.55,Agricultural,1807499.76,493,303,328,73.6,41.25,70.46,Possession,In Progress,63.59,2,Partially Possessed,52.0,In Progress,37.98,63.34,0.7626,High,28.505435,77.401024
LAP-0725,River Logistics Park Project 725,Logistics Park,India,Karnataka,Belagavi,347.95,Agricultural,2537486.22,576,552,126,100.0,99.68,83.33,Rehabilitation,In Progress,92.45,2,Partially Possessed,84.39,In Progress,82.24,29.2,0.1343,Low,15.964738,74.470174
LAP-0726,National Transmission Line Project 726,Transmission Line,India,Maharashtra,Nagpur,982.5,Industrial,6224749.47,1655,1136,160,89.03,96.65,78.9,Rehabilitation,In Progress,89.63,2,Partially Possessed,74.27,In Progress,92.38,28.81,0.1179,Low,21.226498,79.096274
LAP-0727,Greenfield Railway Corridor Project 727,Railway Corridor,India,Tamil Nadu,Coimbatore,117.06,Barren,1159959.51,207,154,165,72.53,81.48,99.45,Rehabilitation,In Progress,85.37,0,Partially Possessed,84.2,In Progress,64.26,31.93,0.1304,Medium,11.3168,76.930408
LAP-0728,Samriddhi Irrigation Canal Project 728,Irrigation Canal,India,Karnataka,Mysuru,371.08,Agricultural,1919555.15,634,491,134,91.6,91.2,79.77,Rehabilitation,In Progress,90.25,1,Partially Possessed,91.79,In Progress,81.65,23.12,0.0878,Low,12.393823,76.544756
LAP-0729,Samriddhi Logistics Park Project 729,Logistics Park,India,Gujarat,Kutch,440.65,Residential,7110463.75,806,542,161,71.26,71.96,85.3,Rehabilitation,In Progress,85.83,4,Partially Possessed,66.12,In Progress,81.6,47.5,0.4417,Medium,23.679389,70.021864
LAP-0730,Bharat Metro Rail Project 730,Metro Rail,India,Gujarat,Ahmedabad,411.89,Agricultural,1681140.75,672,844,324,71.06,84.84,67.0,Possession,In Progress,78.95,3,Partially Possessed,59.09,In Progress,64.84,58.96,0.6362,Medium,22.887841,72.559313
LAP-0731,River Logistics Park Project 731,Logistics Park,India,Gujarat,Surat,76.06,Residential,6510321.11,126,123,310,59.09,58.75,57.74,Compensation,In Progress,41.16,5,Not Possessed,29.58,In Progress,59.78,80.55,0.98,High,21.205288,72.942089
LAP-0732,Greenfield Airport Expansion Project 732,Airport Expansion,India,Tamil Nadu,Coimbatore,314.49,Barren,1174425.52,493,472,229,69.08,56.96,61.88,Possession,In Progress,38.0,9,Partially Possessed,49.31,In Progress,63.24,95.0,0.98,High,11.013141,76.940658
LAP-0733,Frontier National Highway Project 733,National Highway,India,Gujarat,Surat,109.8,Residential,6799918.27,199,146,295,65.56,70.36,74.02,Compensation,In Progress,43.53,6,Partially Possessed,60.96,Not Started,34.15,78.59,0.8948,High,21.195937,72.974612
LAP-0734,Deccan Industrial Corridor Project 734,Industrial Corridor,India,Tamil Nadu,Tiruchirappalli,84.93,Industrial,5237910.65,152,96,154,94.72,92.85,90.9,Completed,Completed,100.0,0,Possessed,100.0,Completed,100.0,19.49,0.0688,Low,10.886032,78.626508
LAP-0735,River Irrigation Canal Project 735,Irrigation Canal,India,Odisha,Kalahandi,31.05,Agricultural,1329863.04,40,36,108,81.25,65.01,100.0,Rehabilitation,In Progress,83.43,0,Partially Possessed,86.45,In Progress,91.09,21.99,0.0637,Low,19.861166,83.195977
LAP-0736,Eastern Transmission Line Project 736,Transmission Line,India,Telangana,Warangal,234.84,Industrial,4135227.68,413,325,212,64.66,33.38,69.45,Possession,In Progress,53.31,6,Partially Possessed,60.02,In Progress,54.79,73.84,0.9177,High,17.775322,79.680363
LAP-0737,Samriddhi Transmission Line Project 737,Transmission Line,India,Tamil Nadu,Coimbatore,551.49,Industrial,4085811.1,940,1125,272,73.49,51.27,81.3,Possession,In Progress,54.72,5,Partially Possessed,60.37,In Progress,61.01,65.45,0.8067,High,11.119753,76.863961
LAP-0738,Samriddhi Industrial Corridor Project 738,Industrial Corridor,India,Karnataka,Belagavi,49.49,Residential,7643389.51,100,99,372,60.67,53.42,59.89,Compensation,In Progress,47.76,4,Partially Possessed,39.75,In Progress,38.96,82.95,0.98,High,15.79051,74.53532
LAP-0739,Deccan Irrigation Canal Project 739,Irrigation Canal,India,Uttar Pradesh,Gautam Buddha Nagar,98.57,Agricultural,1302615.08,149,126,271,45.41,47.19,64.58,Compensation,Not Started,33.78,7,Not Possessed,26.79,Not Started,26.89,94.64,0.98,High,28.481114,77.476252
LAP-0740,National Industrial Corridor Project 740,Industrial Corridor,India,Maharashtra,Nashik,402.19,Residential,9303445.16,741,745,377,76.92,93.59,83.31,Possession,In Progress,54.92,3,Partially Possessed,67.84,In Progress,47.11,64.02,0.7591,High,20.023818,73.455888
LAP-0741,Regional Metro Rail Project 741,Metro Rail,India,Karnataka,Bengaluru Urban,1323.94,Agricultural,1767971.26,2260,2934,310,56.2,48.56,73.7,Compensation,In Progress,39.15,8,Partially Possessed,35.47,In Progress,44.74,100.0,0.98,High,13.099539,77.381384
LAP-0742,National National Highway Project 742,National Highway,India,Odisha,Sundargarh,379.26,Agricultural,908054.46,617,711,267,51.98,52.53,63.59,Compensation,In Progress,42.62,7,Partially Possessed,50.32,In Progress,54.57,84.03,0.9342,High,22.164045,84.04824
LAP-0743,Coastal Transmission Line Project 743,Transmission Line,India,Karnataka,Mysuru,100.04,Agricultural,1749062.75,173,119,316,67.43,63.41,70.04,Compensation,In Progress,46.71,4,Not Possessed,27.79,Not Started,24.04,76.88,0.9103,High,12.169391,76.49991
LAP-0744,National Airport Expansion Project 744,Airport Expansion,India,Gujarat,Ahmedabad,125.93,Barren,848308.43,197,147,291,54.62,57.61,74.57,Compensation,In Progress,61.07,8,Not Possessed,26.43,In Progress,35.03,94.21,0.9442,High,22.996804,72.793451
LAP-0745,Deccan Industrial Corridor Project 745,Industrial Corridor,India,Tamil Nadu,Tiruchirappalli,91.5,Residential,5827402.3,184,198,276,70.28,51.93,64.93,Possession,In Progress,52.97,5,Partially Possessed,59.64,In Progress,44.84,78.8,0.9303,High,10.829194,78.487722
LAP-0746,Deccan Industrial Corridor Project 746,Industrial Corridor,India,Uttar Pradesh,Gautam Buddha Nagar,222.73,Agricultural,1267441.34,369,367,296,61.88,59.7,65.85,Compensation,Not Started,34.11,8,Not Possessed,28.87,Not Started,34.59,100.0,0.98,High,28.379338,77.366477
LAP-0747,Coastal National Highway Project 747,National Highway,India,Gujarat,Surat,123.08,Residential,7219451.88,205,198,260,66.3,76.03,94.98,Compensation,In Progress,42.4,10,Partially Possessed,38.14,In Progress,45.15,92.84,0.98,High,21.280415,72.612812
LAP-0748,Greenfield Airport Expansion Project 748,Airport Expansion,India,Uttar Pradesh,Prayagraj,176.18,Industrial,3849343.3,300,291,43,89.73,93.44,84.12,Possession,In Progress,63.4,3,Partially Possessed,81.19,In Progress,70.23,49.28,0.4637,Medium,25.512598,82.056394
LAP-0749,Coastal Transmission Line Project 749,Transmission Line,India,Madhya Pradesh,Dhar,496.83,Residential,4715271.27,832,687,204,57.08,48.85,95.09,Compensation,Not Started,32.73,7,Partially Possessed,50.12,In Progress,46.05,84.27,0.9384,High,22.540602,75.195273
LAP-0750,River Transmission Line Project 750,Transmission Line,India,Madhya Pradesh,Bhopal,96.68,Barren,744633.96,158,105,237,75.79,79.26,77.05,Possession,In Progress,43.34,4,Partially Possessed,47.75,In Progress,64.0,63.61,0.7449,High,23.259399,77.513207
